2.844638949671772152e-02,2.693458743052586785e-02,4.968944099378881651e-02,7.879924953095684970e-02,7.730673316708229492e-02,7.428720899816898537e-02,1.061946902654867381e-01,5.925925925925925458e-02,4.730521382542472730e-02,6.360821840698001328e-02,6.701171342958323063e-02,1.410764872521246549e-01,1.996914878698639872e-01,1.197592778335005020e-01,6.279999999999999472e-02,9.080897076491789566e-02,1.176999999999999991e-01,1.428999999999999992e-01,1.223000000000000059e-01,1.103999999999999981e-01,1.847000000000000031e-01,3.714999999999999969e-01,4.381999999999999784e-01,5.706999999999999851e-01,6.653999999999999915e-01,7.476000000000000423e-01,7.653999999999999693e-01,8.555000000000000382e-01,9.719999999999999751e-01,9.221000000000000307e-01,7.768458113285698907e-01,7.746615087040619185e-01,7.756999999999999451e-01,6.276562661967451939e-01,5.020999999999999908e-01,4.499000000000000221e-01,4.156049278719595730e-01,4.280999999999999805e-01,4.491224510500151923e-01,4.032483596859202102e-01,2.192329071706503596e-01,6.196943972835314285e-02,1.025475236001551771e-01,1.634887915485699617e-01,2.179414273528575419e-01,9.462424574876578121e-02,7.279971024990944395e-02,1.599281221922731477e-01,1.150933871781928408e-01,8.848484848484848564e-02,6.175298804780875866e-02,8.744710860366712579e-02,3.076923076923077094e-01,1.477272727272727071e-01,1.252796420581655523e-01,2.360406091370558235e-01,1.183098591549295864e-01,6.818181818181817851e-03,1.456043956043955867e-01,8.200455580865603777e-02
2.567469000729394879e-01,4.959384352287302122e-02,6.243870545930042121e-02,1.099906191369605934e-01,1.837905236907730611e-01,3.099659952916557493e-01,4.513274336283185639e-01,3.357298474945533129e-01,2.147041593438781815e-01,4.097945398254995708e-01,3.170798147643694165e-01,3.168555240793201611e-01,3.463749824709017044e-01,1.564694082246740336e-01,3.491000000000000214e-01,3.311974369243091409e-01,2.298999999999999932e-01,2.202999999999999958e-01,2.492999999999999938e-01,4.128000000000000003e-01,3.158000000000000251e-01,6.190999999999999837e-01,5.854000000000000314e-01,3.395000000000000240e-01,2.560999999999999943e-01,5.598999999999999533e-01,8.145000000000000018e-01,6.941000000000000503e-01,6.985000000000000098e-01,8.659999999999999920e-01,6.140623382002692310e-01,3.937244788308618126e-01,6.750000000000000444e-01,9.015237897792059973e-01,7.836999999999999522e-01,7.551999999999999824e-01,6.095609139728335180e-01,4.712999999999999967e-01,1.270163335700517371e-01,6.547273313972249431e-01,8.140077821011673098e-01,7.248362842590346800e-01,4.436829173671279491e-01,2.322854934295284501e-01,3.380722206425931242e-01,4.695556774547449130e-01,4.170590365809488942e-01,2.063492063492063655e-01,1.090358404846037410e-01,5.684848484848483707e-01,4.243027888446214702e-01,4.880112834978843073e-01,4.051282051282051877e-01,4.375000000000000000e-01,2.438478747203579600e-01,1.218274111675126808e-01,2.676056338028169335e-01,3.409090909090909532e-02,2.005494505494505308e-01,1.526195899772209430e-01
3.865791393143690469e-01,3.783668234288157239e-01,6.528277214776070370e-01,6.106941838649155851e-01,8.042394014962592763e-01,5.877583049960763972e-01,1.654599088227406700e-01,4.982570806100217187e-01,1.391329818394844986e-01,1.041373487193920505e-01,2.192862980114410332e-01,3.152974504249291821e-01,3.790492217080353443e-01,3.375125376128385590e-01,4.265999999999999792e-01,4.148978774529434865e-01,5.655000000000000027e-01,6.921000000000000485e-01,8.547000000000000153e-01,9.233999999999999986e-01,9.171000000000000263e-01,1.000000000000000000e+00,9.532000000000000473e-01,9.101000000000000201e-01,8.336999999999999966e-01,7.053000000000000380e-01,6.533999999999999808e-01,4.482999999999999763e-01,2.459999999999999964e-01,2.020000000000000129e-01,1.497359428393911229e-01,1.068128089404685177e-01,1.509999999999999953e-01,2.479527314190940190e-01,4.434000000000000163e-01,5.022999999999999687e-01,4.676213541118247607e-01,4.571000000000000063e-01,3.983970782185248805e-01,3.119285791115413708e-01,3.788771539744302252e-01,6.051418869755033070e-01,4.696754170438381393e-01,1.786910590054109627e-01,2.558999147000284302e-01,1.781404278661546936e-01,9.471206084751901400e-02,2.446840371368673162e-01,2.367491166077738407e-01,1.381818181818181834e-01,2.978087649402390569e-01,3.441466854724964941e-01,5.102564102564103310e-01,7.301136363636363535e-01,1.834451901565995746e-01,3.832487309644670437e-01,4.816901408450705024e-01,3.318181818181818454e-01,3.681318681318681008e-01,1.275626423690204847e-01
2.086068563092633166e-01,1.936725096194955031e-01,9.055246812683882818e-02,4.080675422138836661e-02,9.576059850374063487e-02,2.589589327753074044e-01,3.220702601233574325e-01,3.993464052287581389e-01,3.082893966022261512e-01,4.276667604840979631e-01,4.069735766821029888e-01,6.019830028328612137e-01,8.894965642967326280e-01,8.222668004012035903e-01,1.000000000000000000e+00,1.000000000000000000e+00,9.507999999999999785e-01,9.024999999999999689e-01,7.234000000000000430e-01,5.121999999999999886e-01,2.074000000000000010e-01,3.985000000000000209e-01,5.889999999999999680e-01,2.872000000000000108e-01,2.043000000000000094e-01,5.782000000000000473e-01,5.389000000000000457e-01,3.750000000000000000e-01,3.411000000000000143e-01,5.067000000000000393e-01,5.778191985088537708e-01,5.134321942832581476e-01,3.299000000000000266e-01,2.278428527003213411e-01,1.406999999999999917e-01,2.856000000000000205e-01,4.008634305570180079e-01,4.158000000000000029e-01,4.112813229177234020e-01,3.545229643971173905e-01,3.009449694274596854e-01,3.213679359689546877e-01,9.349540928488297986e-02,1.594949755217727194e-01,1.694626101791299466e-01,1.493417443773998876e-01,1.128214415067004678e-01,1.479484875711290781e-01,1.332660272589601125e-01,9.818181818181817566e-02,1.035856573705179196e-01,6.346967559943580972e-02,3.589743589743589480e-02,1.079545454545454419e-01,2.908277404921700421e-02,2.258883248730964577e-01,1.605633802816901490e-01,6.136363636363637020e-02,1.401098901098901117e-01,1.412300683371298382e-01
6.564551422319474250e-02,2.650705429670799362e-02,8.270676691729322849e-02,1.146810506566604132e-01,2.985037406483790345e-01,4.156421658383468998e-01,3.732904263877714901e-01,2.150326797385620770e-01,1.398652606912712537e-01,2.666760484097945305e-01,2.582402615091256015e-01,3.607648725212464491e-01,5.711681391109241224e-01,2.996990972918756602e-01,2.901000000000000245e-01,5.332398878654385221e-01,4.022000000000000020e-01,1.570999999999999897e-01,3.024000000000000021e-01,3.906999999999999917e-01,3.542000000000000148e-01,4.437999999999999723e-01,6.413999999999999702e-01,4.601000000000000090e-01,6.008999999999999897e-01,8.689999999999999947e-01,8.345000000000000195e-01,7.669000000000000261e-01,5.080999999999999961e-01,4.620000000000000218e-01,5.571088329709019682e-01,5.775843541800989023e-01,3.844000000000000195e-01,3.732766663211360969e-01,7.401999999999999691e-01,7.761000000000000121e-01,4.062335474360324050e-01,6.669999999999999540e-02,3.737445470224206034e-01,6.576314940303324974e-01,3.902167871039466385e-01,2.803783652680087446e-01,2.838484417431785811e-01,3.930687967018809403e-01,2.753767415410861563e-01,2.153044432254525575e-01,8.674393335747916656e-02,1.611260856543875464e-01,7.370015143866734397e-02,8.242424242424241376e-02,1.862549800796812760e-01,8.321579689703807736e-02,2.435897435897435848e-01,5.511363636363636465e-01,1.789709172259507930e-01,3.857868020304568990e-01,4.450704225352113408e-01,1.204545454545454669e-01,5.192307692307691624e-01,2.323462414578587876e-01
1.881838074398249350e-01,1.851218469431381020e-01,1.788166067342268628e-01,1.597091932457785912e-01,1.955112219451371480e-01,3.269683494637719567e-01,3.475462590506838145e-01,3.766884531590413698e-01,4.091974223784416997e-01,4.157050379960596787e-01,3.413238899482429756e-01,3.684135977337110734e-01,3.153835366708736543e-01,2.121364092276830371e-01,1.270000000000000018e-01,1.194433319983980724e-01,1.794000000000000039e-01,2.184999999999999998e-01,1.645999999999999963e-01,7.399999999999999634e-02,6.250000000000000000e-02,2.381000000000000061e-01,4.823999999999999955e-01,6.371999999999999886e-01,7.530999999999999917e-01,8.959000000000000297e-01,9.940999999999999837e-01,9.957000000000000295e-01,9.327999999999999625e-01,9.344000000000000083e-01,9.168478823651237120e-01,8.263485923060391869e-01,6.864999999999999991e-01,6.623820876956566517e-01,6.378000000000000336e-01,6.629000000000000448e-01,6.299884173949669153e-01,4.565000000000000169e-01,3.174393831794663501e-01,4.472410454985479289e-01,4.808226792662590454e-01,4.888430754305117532e-01,5.432561748351222297e-01,5.870909559391909172e-01,5.622689792436735834e-01,4.067471201316510965e-01,3.793915248098514992e-01,4.666067684935609750e-01,4.462392730943968155e-01,3.212121212121211711e-01,1.205179282868525797e-01,1.283497884344146633e-01,1.589743589743589647e-01,5.397727272727272096e-02,1.006711409395973089e-01,2.005076142131980155e-01,8.732394366197183955e-02,1.431818181818181879e-01,1.318681318681318437e-01,1.138952164009111589e-01
1.000000000000000000e+00,5.241556220607097583e-01,4.527623406341942380e-01,3.480300187617260677e-01,4.428927680798004918e-01,3.735286424274130712e-01,4.754625905068383118e-01,4.708061002178648979e-01,2.387229056824839157e-01,2.908809456797072923e-01,5.798147643693817299e-01,7.767705382436260741e-01,1.000000000000000000e+00,7.024072216649950295e-01,6.776999999999999691e-01,7.948538245895074850e-01,9.382000000000000339e-01,8.924999999999999600e-01,9.145999999999999686e-01,7.832000000000000073e-01,7.960000000000000409e-01,7.983000000000000096e-01,7.715999999999999526e-01,6.614999999999999769e-01,4.859999999999999876e-01,5.572000000000000286e-01,4.697000000000000064e-01,5.639999999999999458e-01,4.516999999999999904e-01,3.368999999999999773e-01,2.779331055193124400e-01,2.513432194283258259e-01,3.052000000000000268e-01,3.126360526588576327e-01,2.752999999999999892e-01,1.040999999999999981e-01,1.850057913025165701e-01,3.155999999999999917e-01,3.655270366237191593e-01,2.942884801548886764e-01,1.446359088382434543e-01,2.980839194761096267e-01,4.401913875598085779e-01,2.258438546766297628e-01,9.653113448962183374e-02,1.456390565002742832e-01,1.164433176385367558e-01,1.593291404612159345e-01,2.680464411913175415e-01,3.296969696969696551e-01,1.703187250996015811e-01,1.664315937940761547e-01,3.307692307692307598e-01,9.772727272727271819e-01,1.454138702460850141e-01,1.700507614213198071e-01,6.197183098591550060e-02,1.795454545454545636e-01,4.010989010989010617e-01,1.161731207289293938e-01
2.997811816192559875e-01,1.184266780675502367e-01,1.974501471068976777e-01,1.231238273921200638e-01,1.219451371571072251e-01,1.007062516348417591e-01,1.638508983641726868e-01,2.433551198257080384e-01,1.811657879320445474e-01,3.236701379116239674e-01,1.865976573140833705e-01,1.890934844192634634e-01,2.996774645912214652e-01,1.530591775325978177e-01,7.749999999999999944e-02,1.197436924309170925e-01,9.030000000000000526e-02,6.890000000000000291e-02,2.071000000000000063e-01,2.974999999999999867e-01,2.836000000000000187e-01,3.352999999999999869e-01,3.622000000000000219e-01,3.201999999999999846e-01,3.452000000000000068e-01,3.562000000000000166e-01,3.891999999999999904e-01,6.622000000000000108e-01,9.254000000000000004e-01,1.000000000000000000e+00,8.830899865382624281e-01,6.766602192134107963e-01,5.250000000000000222e-01,4.158805846377112148e-01,2.901000000000000245e-01,2.006999999999999895e-01,3.533747499210276866e-01,4.798999999999999932e-01,6.236177335903418939e-01,6.718296224588578003e-01,5.528627015008338308e-01,4.234780499636187634e-01,3.442389758179231762e-01,4.041484153568667415e-01,6.087574637475120509e-01,5.844761382336808309e-01,6.358203549438609103e-01,7.361485474693022502e-01,6.355376072690560596e-01,3.963636363636363624e-01,1.802788844621514008e-01,3.060648801128349472e-01,9.743589743589743668e-02,5.397727272727272096e-02,1.454138702460850141e-01,3.350253807106599035e-01,3.042253521126760951e-01,1.136363636363636465e-01,2.335164835164835195e-01,1.002277904328018193e-01
6.243617797228300237e-01,1.941000427533133843e-01,1.248774109186008424e-01,4.760787992495309207e-02,9.600997506234412726e-02,1.396808788909233712e-01,5.738803968892464136e-01,6.775599128540304994e-01,4.154950205038078770e-01,3.871376301716858981e-01,3.687006265322800291e-01,1.339943342776204194e-01,1.430374421539755969e-01,4.532597793380140905e-01,6.736999999999999655e-01,6.707048458149780235e-01,7.066000000000000059e-01,5.632000000000000339e-01,3.785000000000000031e-01,2.721000000000000085e-01,5.296999999999999487e-01,7.697000000000000508e-01,8.642999999999999572e-01,9.304000000000000048e-01,9.372000000000000330e-01,6.247000000000000330e-01,6.024000000000000465e-01,6.810000000000000497e-01,5.047000000000000375e-01,5.775000000000000133e-01,4.922853888371129805e-01,2.578981302385557894e-01,2.778999999999999804e-01,2.070073598009743721e-01,5.304999999999999716e-01,7.409000000000000030e-01,8.186795830262187934e-01,4.424000000000000155e-01,1.436542558587805551e-01,3.773260191459610891e-01,4.982768204558087888e-01,5.103080281348533198e-01,3.949308159834475918e-01,2.879412522545735653e-01,3.711970429343189881e-01,3.837081733406472739e-01,4.331763853676203757e-01,6.052710392333033873e-01,6.693589096415951678e-01,4.339393939393939026e-01,1.274900398406374480e-01,2.425952045133991375e-01,3.538461538461538658e-01,2.244318181818181768e-01,8.277404921700225182e-02,1.294416243654822607e-01,7.267605633802817211e-01,2.318181818181818399e-01,1.016483516483516480e-01,8.428246013667425873e-02
5.258935083880379446e-01,6.729371526293288497e-01,3.635174893756129011e-01,2.544559099437148086e-01,1.660847880299251844e-01,4.708344232278315888e-01,2.971305980155537485e-01,6.087145969498910514e-01,2.062097246631517389e-01,1.118772867998874126e-01,3.451375646962681065e-01,5.552407932011331759e-01,4.732856541859487565e-01,1.614844533600802434e-01,1.889000000000000123e-01,3.311974369243091409e-01,2.281999999999999862e-01,2.177000000000000046e-01,1.852999999999999925e-01,5.167000000000000481e-01,5.342000000000000082e-01,6.298000000000000265e-01,8.437000000000000055e-01,6.755999999999999783e-01,5.825000000000000178e-01,6.140999999999999792e-01,8.809000000000000163e-01,8.375000000000000222e-01,3.869000000000000217e-01,5.050999999999999934e-01,5.648752200476337970e-01,4.557274876423812460e-01,1.534000000000000086e-01,5.131128848346636628e-01,6.983000000000000318e-01,7.108999999999999764e-01,5.946088238391070702e-01,4.869999999999999885e-01,5.595008623313381113e-01,4.768204797246424209e-01,5.836575875486381682e-01,7.367208343439243245e-01,6.790378895642054102e-01,1.750837413037876766e-01,6.067671310776229232e-01,6.091607240811848234e-01,3.971387178558493103e-01,2.695417789757412752e-01,6.057546693589096476e-01,7.612121212121211178e-01,2.330677290836653259e-01,4.358251057827926545e-01,3.256410256410256499e-01,2.329545454545454697e-01,6.286353467561521802e-01,2.969543147208121847e-01,2.591549295774648320e-01,3.340909090909091050e-01,4.313186813186812851e-01,2.938496583143507812e-01
1.903719912472647824e-01,1.137238135955536550e-01,7.289964040536123235e-02,1.756566604127579589e-01,3.401496259351620699e-01,3.957624901909495008e-01,3.529096272459104067e-01,3.603485838779956207e-01,2.729935559461043049e-01,2.832817337461300267e-01,3.936257150640152247e-01,5.169971671388101653e-01,4.922170803533866268e-01,3.505516549648946545e-01,4.324999999999999956e-01,5.404485382458950049e-01,6.237000000000000322e-01,6.875999999999999890e-01,7.328999999999999959e-01,8.106999999999999762e-01,8.396000000000000130e-01,8.631999999999999673e-01,8.747000000000000330e-01,9.606999999999999984e-01,9.716000000000000192e-01,9.121000000000000218e-01,8.576000000000000290e-01,8.798000000000000265e-01,7.720000000000000195e-01,5.711000000000000520e-01,4.415449932691312140e-01,3.073286052009456260e-01,3.114000000000000101e-01,2.141598424380636578e-01,1.165000000000000063e-01,1.849999999999999908e-02,1.370959250289565112e-01,2.479999999999999982e-01,1.660748706502993000e-01,1.186404216413897011e-01,2.383546414674819480e-01,2.465437788018433329e-01,2.440191387559808855e-01,1.765009018294254328e-01,1.956212681262439468e-01,4.210093252879868603e-02,6.754798985874682637e-02,1.814914645103324620e-01,2.014134275618374437e-01,2.048484848484848075e-01,1.344621513944223024e-01,3.131170662905500834e-01,4.487179487179487336e-01,3.607954545454545303e-01,4.921700223713647293e-02,3.147208121827411165e-01,1.521126760563380476e-01,4.772727272727272929e-02,7.692307692307691347e-02,5.239179954441913062e-02
7.002188183807439570e-02,1.727233860624198258e-01,2.229486760379208732e-01,1.613508442776735441e-01,2.211970074812967535e-01,2.437876013601883718e-01,2.561008313220702326e-01,4.662309368191721037e-01,3.728763913298184240e-01,4.154235857022234857e-01,5.482157450286025968e-01,7.291784702549576336e-01,6.872808862712102007e-01,4.139418254764293259e-01,3.574999999999999845e-01,3.451141369643572210e-01,3.068000000000000171e-01,2.944999999999999840e-01,4.350999999999999868e-01,7.264000000000000457e-01,8.146999999999999797e-01,8.103000000000000203e-01,6.664999999999999813e-01,6.957999999999999741e-01,7.748000000000000442e-01,8.688000000000000167e-01,1.000000000000000000e+00,9.940999999999999837e-01,8.792999999999999705e-01,6.481999999999999984e-01,6.084705395050222787e-01,6.885880077369439523e-01,4.971999999999999753e-01,2.855810096403026965e-01,2.999999999999999889e-02,3.356000000000000094e-01,3.334737285458565514e-01,4.133000000000000007e-01,6.372121335091812666e-01,5.353339787028073005e-01,2.904947192884935747e-01,5.696095076400679025e-01,6.214923057028320930e-01,6.339860860602937187e-01,7.526300824566390935e-01,3.038946791003839798e-01,2.537124230351321952e-01,5.654387541179993759e-01,4.780413932357395757e-01,1.624242424242424154e-01,3.087649402390438280e-01,3.342736248236953256e-01,1.999999999999999833e-01,4.090909090909090606e-01,3.803131991051454941e-01,3.045685279187817021e-02,3.070422535211267956e-01,8.181818181818181768e-02,1.181318681318681285e-01,4.100227790432801889e-02
8.533916849015317496e-02,2.949978623343309236e-02,9.120627656096763625e-02,1.367260787992495286e-01,2.281795511221944850e-01,3.314151190164792427e-01,4.229015821936176200e-01,4.198257080610021674e-01,3.457820738137082905e-01,3.052350126653532447e-01,1.607191500953418783e-01,1.067988668555240744e-01,3.901276118356472034e-01,3.769307923771313962e-01,5.092999999999999750e-01,6.599919903884661210e-01,7.070999999999999508e-01,7.531999999999999806e-01,8.356999999999999984e-01,8.592999999999999527e-01,9.615000000000000213e-01,9.838000000000000078e-01,8.705000000000000515e-01,6.402999999999999803e-01,5.067000000000000393e-01,5.394999999999999796e-01,6.934000000000000163e-01,8.487000000000000099e-01,8.213000000000000300e-01,5.961999999999999522e-01,3.054778916847882275e-01,2.963679346658070202e-01,2.884999999999999787e-01,1.962268062610137698e-01,1.446000000000000063e-01,9.550000000000000155e-02,9.350321154048647776e-02,8.359999999999999376e-02,9.069696662270466947e-02,1.663977627191567388e-01,2.576987215119511121e-01,2.698277952946883107e-01,1.338419759472390946e-01,2.217212058747745351e-01,2.867500710833096322e-01,2.450630828304991848e-01,2.013763129300977783e-01,1.191973644803833582e-01,1.539626451287228748e-01,1.018181818181818077e-01,3.884462151394422330e-02,7.475317348377996662e-02,7.435897435897435848e-02,5.681818181818181629e-02,2.908277404921700421e-02,7.360406091370558235e-02,5.633802816901409272e-02,1.409090909090909005e-01,7.142857142857142461e-02,1.184510250569476009e-01
1.823486506199854112e-02,1.321077383497221147e-01,5.590062111801242378e-02,5.347091932457786329e-02,1.082294264339152129e-01,3.201674077949254738e-01,5.221238938053097689e-01,3.618736383442265336e-01,2.003514938488576702e-01,2.012383900928792491e-01,1.353854535548896787e-01,3.186968838526912373e-01,3.427289300238395842e-01,3.248746238716148649e-01,3.039000000000000035e-01,2.412895474569483334e-01,3.670000000000000345e-02,1.671999999999999875e-01,3.038000000000000145e-01,4.068999999999999839e-01,3.613000000000000100e-01,1.993999999999999939e-01,4.611000000000000099e-01,6.848999999999999533e-01,7.271999999999999575e-01,7.151999999999999469e-01,7.102000000000000535e-01,8.516000000000000236e-01,1.000000000000000000e+00,7.690000000000000169e-01,5.012943978461219530e-01,3.994197292069632255e-01,6.096000000000000307e-01,5.296983518192184270e-01,2.585999999999999965e-01,9.160000000000000087e-02,9.971569969464041949e-02,2.286999999999999866e-01,3.530485949071725527e-01,2.253415080133376325e-01,2.113396331295163966e-01,3.566577734659228116e-01,2.859174964438122024e-01,1.963411491883535198e-01,1.060562979812340045e-01,8.310477235326385603e-02,1.253169141615356752e-01,1.335729260257562390e-01,1.736496718828874353e-01,9.939393939393939559e-02,1.075697211155378502e-01,2.101551480959097107e-01,1.974358974358974561e-01,1.022727272727272652e-01,2.550335570469798863e-01,2.157360406091370919e-01,2.845070422535211363e-01,3.636363636363636881e-02,7.692307692307691347e-02,3.189066059225512118e-02
5.762217359591539911e-02,3.676784950833689863e-02,1.797973193854200680e-02,5.863039399624765668e-02,8.578553615960099465e-02,1.428197750457755877e-01,1.415929203539822989e-01,2.087145969498910569e-01,1.477738722905682645e-01,1.745004221784407505e-01,1.494143285208390237e-01,1.720963172804532704e-01,2.627962417613238233e-01,3.393179538615847535e-01,3.226999999999999869e-01,2.726271525830997189e-01,3.942999999999999838e-01,6.431999999999999940e-01,7.270999999999999686e-01,8.672999999999999599e-01,9.674000000000000377e-01,9.847000000000000197e-01,9.479999999999999538e-01,8.035999999999999810e-01,6.833000000000000185e-01,5.135999999999999455e-01,3.089999999999999969e-01,8.319999999999999618e-02,4.018999999999999795e-01,2.343999999999999972e-01,1.972662317489903838e-01,1.327100795185901516e-01,1.716999999999999915e-01,2.437027055043018697e-01,2.489000000000000101e-01,3.649000000000000021e-01,3.561124565652311058e-01,1.589000000000000135e-01,1.003347874606878298e-01,1.171345595353339847e-01,1.159533073929961133e-01,1.017463012369633768e-01,1.798784430363377651e-01,1.055140427724813174e-01,9.638896787034403890e-02,9.092155787164014902e-02,2.176747555233611020e-01,2.072476789457921575e-01,7.672892478546189388e-02,3.224242424242423910e-01,1.733067729083665187e-01,2.482369534555712298e-01,3.256410256410256499e-01,2.500000000000000000e-01,2.192393736017897166e-01,4.822335025380711238e-02,1.661971830985915499e-01,1.318181818181818066e-01,1.620879120879120672e-01,7.289293849658314006e-02
2.684172137126185076e-01,1.192817443351859852e-01,3.367113435763321311e-02,1.327392120075046866e-01,1.892768079800498660e-01,1.776092074287209110e-01,2.601233574684901906e-01,3.209150326797385322e-01,3.169302870533099448e-01,3.580073177596397316e-01,3.998910378643422137e-01,4.157223796033994168e-01,3.725985135324639264e-01,3.196589769307923712e-01,2.793999999999999817e-01,2.537044453344012851e-01,1.980000000000000093e-01,1.928999999999999881e-01,2.826000000000000179e-01,3.245000000000000107e-01,3.503999999999999893e-01,3.323999999999999733e-01,4.217000000000000193e-01,4.773999999999999910e-01,4.808000000000000052e-01,6.324999999999999512e-01,8.334000000000000297e-01,9.457999999999999741e-01,1.000000000000000000e+00,8.425000000000000266e-01,5.720202961582272483e-01,5.152589727057812485e-01,5.200000000000000178e-01,4.113195812169586074e-01,1.940000000000000058e-01,1.519000000000000072e-01,2.116457828788038398e-01,1.736000000000000043e-01,1.043928172872070625e-01,2.413681832849306208e-01,4.132295719844357729e-01,5.395343196701430921e-01,5.093754041122462439e-01,2.615305333676887778e-01,2.857549047483650684e-01,2.999177180471749860e-01,3.332126041289387719e-01,4.423480083857442846e-01,4.901564866229177753e-01,2.715151515151514872e-01,1.503984063745019972e-01,1.480959097320169171e-01,6.153846153846153494e-02,5.113636363636363258e-02,1.275167785234899431e-01,2.335025380710659959e-01,2.535211267605633895e-02,1.954545454545454641e-01,3.021978021978021789e-01,1.184510250569476009e-01
8.460977388767322582e-02,3.180846515604959235e-01,1.199738476626348582e-01,5.276735459662288547e-02,1.895261845386533514e-02,1.425582003662045627e-01,2.976669348350764466e-01,2.328976034858387667e-01,2.501464557703573788e-01,3.195890796509991416e-01,4.318986652138381843e-01,4.082152974504249521e-01,3.725985135324639264e-01,2.313941825476429071e-01,1.889000000000000123e-01,1.793151782138566463e-01,2.298000000000000043e-01,3.714999999999999969e-01,6.222999999999999643e-01,7.259999999999999787e-01,7.933999999999999941e-01,8.044999999999999929e-01,8.066999999999999726e-01,9.173000000000000043e-01,9.326999999999999735e-01,9.562000000000000499e-01,1.000000000000000000e+00,9.818000000000000060e-01,8.683999999999999497e-01,6.381000000000000005e-01,4.138966552759656414e-01,3.483773909305823979e-01,2.834999999999999742e-01,2.501295739608168089e-01,2.321000000000000008e-01,1.260000000000000009e-01,7.297041170896072237e-02,7.009999999999999565e-02,1.459876230090291216e-01,1.586533290308701771e-01,4.869371873262923894e-02,5.687606112054328922e-02,1.908702961334540482e-01,2.244266941509920066e-01,2.210690929769690005e-01,2.264125068568293986e-01,2.138717855849329719e-01,2.156334231805930035e-01,1.620393740535083227e-01,6.787878787878787179e-02,2.011952191235059639e-01,1.988716502115655815e-01,2.641025641025641080e-01,2.840909090909090606e-01,7.606263982102907939e-02,6.598984771573604413e-02,1.042253521126760701e-01,1.000000000000000056e-01,1.565934065934065922e-01,7.972665148063781682e-02
2.428884026258205930e-01,9.448482257374947457e-02,8.826413860738803463e-02,1.128048780487804770e-01,1.693266832917705578e-01,2.566047606591682073e-01,2.260659694288012778e-01,2.553376906318082784e-01,1.111599297012302312e-01,1.294680551646495981e-01,2.008989376191773479e-01,7.393767705382436883e-02,1.569204880100967814e-01,9.729187562688064450e-02,1.174000000000000044e-01,1.680016019223067592e-01,1.642000000000000126e-01,1.204999999999999960e-01,4.939999999999999947e-02,1.544000000000000095e-01,3.484999999999999765e-01,6.146000000000000352e-01,9.145999999999999686e-01,9.364000000000000101e-01,8.677000000000000268e-01,8.771999999999999797e-01,8.552999999999999492e-01,8.832999999999999741e-01,1.000000000000000000e+00,8.296000000000000041e-01,6.835456145800973271e-01,5.909090909090909394e-01,5.715999999999999970e-01,7.109982377941328480e-01,6.824999999999999956e-01,5.141999999999999904e-01,2.895651258292092356e-01,1.358000000000000040e-01,1.573501065232829343e-01,2.846079380445304952e-01,2.216787103946636917e-01,2.283531409168081394e-01,3.551015129962498684e-01,2.127029116207163062e-01,8.174580608473130949e-02,9.530992868897422698e-02,1.082940963419050939e-01,1.365678346810422494e-01,1.060070671378091772e-02,8.242424242424241376e-02,3.585657370517927878e-02,3.102961918194640373e-02,8.205128205128205121e-02,1.704545454545454419e-01,1.208053691275167985e-01,1.598984771573604136e-01,4.028169014084507227e-01,2.999999999999999889e-01,1.401098901098901117e-01,9.339407744874715644e-02
9.555069292487236576e-02,2.907225309961521814e-02,1.006864988558352353e-01,7.293621013133208542e-02,2.119700748129675974e-02,2.006277792309704711e-01,2.067578439259855072e-01,1.394335511982570663e-01,1.063268892794376058e-01,1.267942583732057371e-01,1.021520021792427096e-01,1.195467422096317400e-01,1.719253961576216738e-01,1.623871614844533406e-01,2.316999999999999893e-01,2.937525030036043372e-01,3.526000000000000245e-01,3.657000000000000250e-01,3.220999999999999974e-01,3.093000000000000194e-01,4.083999999999999853e-01,4.284999999999999920e-01,4.662999999999999923e-01,5.956000000000000183e-01,6.947999999999999732e-01,8.386000000000000121e-01,8.874999999999999556e-01,6.403999999999999693e-01,3.307999999999999829e-01,3.425000000000000266e-01,5.094749922336129222e-01,4.934450891897700364e-01,3.034000000000000030e-01,4.525759303410386569e-01,5.174999999999999600e-01,5.121999999999999886e-01,4.997367589765189244e-01,4.902000000000000246e-01,4.669777822866997830e-01,4.797246423577498087e-01,4.664813785436353610e-01,3.484113509580402668e-01,2.969093495409285133e-01,1.222623035300180322e-01,1.350582883139038806e-02,7.227098189797037664e-02,6.935892792466497037e-02,3.204552261156035087e-02,5.451792024230187050e-02,9.333333333333333759e-02,1.085657370517928294e-01,8.744710860366712579e-02,7.179487179487178961e-02,1.136363636363636326e-01,1.677852348993288667e-01,9.898477157360406620e-02,1.492957746478873471e-01,2.954545454545454489e-02,1.428571428571428492e-01,5.239179954441913062e-02
1.517140773158278666e-01,7.952116289012398087e-02,4.282445243543641505e-02,4.948405253283302135e-02,1.521197007481296659e-01,1.603452785770337619e-01,1.641190667739340081e-01,1.102396514161219920e-01,1.448447568834212162e-01,1.538136785814804286e-01,1.447834377553800234e-01,1.669971671388102152e-01,1.810405272752769468e-01,1.595787362086258654e-01,1.680000000000000104e-01,1.920304365238285904e-01,1.615000000000000047e-01,1.647000000000000131e-01,1.396999999999999909e-01,1.426000000000000045e-01,2.429000000000000048e-01,2.816000000000000170e-01,4.289999999999999925e-01,6.442999999999999838e-01,9.061000000000000165e-01,1.000000000000000000e+00,8.086999999999999744e-01,6.118999999999999995e-01,5.260000000000000231e-01,3.677000000000000268e-01,2.843533188360774511e-01,1.096067053513861966e-01,1.338999999999999913e-01,1.639888048097854212e-01,1.952000000000000124e-01,1.786999999999999977e-01,4.517215962935663964e-02,1.096000000000000030e-01,1.787562138581718363e-01,2.668602775088738110e-01,3.501945525291829120e-01,3.541110841620179195e-01,2.459588775378249159e-01,8.966761144035041708e-02,1.077622974125675287e-01,1.247942951179374649e-01,7.986236870699021939e-02,7.307577118897874702e-02,1.337708228167591995e-01,1.151515151515151436e-01,1.394422310756971983e-01,1.043723554301833611e-01,1.615384615384615474e-01,2.301136363636363258e-01,1.946308724832214732e-01,1.116751269035533151e-01,7.887323943661972425e-02,4.318181818181818232e-02,1.346153846153846090e-01,5.239179954441913062e-02
4.770240700218818519e-01,2.774690038477982124e-01,2.409284079764628939e-01,2.654784240150093733e-01,6.189526184538652887e-01,3.287993722207690483e-01,4.818986323411101891e-01,2.154684095860566473e-01,3.602811950790861251e-01,4.815648747537292218e-01,2.898392808499046791e-01,1.950424929178470324e-01,5.654185948674800288e-01,5.701103309929789198e-01,2.398000000000000131e-01,4.336203444132959439e-01,5.954000000000000403e-01,5.772000000000000464e-01,8.175999999999999934e-01,8.834999999999999520e-01,5.248000000000000442e-01,6.372999999999999776e-01,8.375000000000000222e-01,6.699000000000000510e-01,7.755999999999999561e-01,8.750000000000000000e-01,8.299999999999999600e-01,6.895999999999999908e-01,3.371999999999999997e-01,6.404999999999999583e-01,7.391529460494977721e-01,8.813668600902644368e-01,6.656999999999999584e-01,5.446252721053176371e-01,2.959999999999999853e-01,7.040000000000000424e-02,1.021375171106665286e-01,3.941000000000000059e-01,6.115450948564471467e-01,3.787243196730128436e-01,4.362423568649250183e-01,5.830705796749939829e-01,5.951118582697529913e-01,5.364596753414068164e-01,7.731020756326413279e-01,7.746845858475041036e-01,5.785947120608475602e-01,7.439353099730459107e-01,6.557294295810196516e-01,1.000000000000000000e+00,2.420318725099601387e-01,2.961918194640338342e-01,9.256410256410256832e-01,6.789772727272727071e-01,1.000000000000000000e+00,1.000000000000000000e+00,1.000000000000000000e+00,1.000000000000000000e+00,6.675824175824175422e-01,2.232346241457858482e-01
1.108679795769511311e-01,4.360837964942283068e-02,3.694017652827721182e-02,6.167917448405253050e-02,2.418952618453865111e-02,1.022756997122678674e-01,2.298203271654598867e-01,1.993464052287581556e-01,1.389865260691271198e-01,2.116521249648184722e-01,2.602833015527104554e-01,2.995750708215297320e-01,3.153835366708736543e-01,2.580742226680040052e-01,1.701000000000000012e-01,2.025430516619944055e-01,2.538000000000000256e-01,3.417000000000000037e-01,4.026000000000000134e-01,4.552999999999999825e-01,5.524999999999999911e-01,5.990999999999999659e-01,5.854000000000000314e-01,7.114000000000000323e-01,9.499999999999999556e-01,9.858000000000000096e-01,1.000000000000000000e+00,9.577999999999999847e-01,8.641999999999999682e-01,7.127999999999999892e-01,6.102309205757482369e-01,4.645390070921985859e-01,2.897000000000000131e-01,1.807815901316471296e-01,7.699999999999999900e-02,2.296999999999999875e-01,2.589238706960092506e-01,3.100999999999999868e-01,3.360048696357917919e-01,2.387867053888351188e-01,9.683157309616453878e-02,2.503031772980839342e-01,2.338031811716022035e-01,2.092244266941509778e-01,1.592266135911288016e-01,1.117663192539769673e-01,2.022817819630568503e-01,2.845163222521713275e-01,2.079757698132256583e-01,1.454545454545454475e-01,4.780876494023903606e-02,6.911142454160788817e-02,1.051282051282051433e-01,1.022727272727272652e-01,2.908277404921700421e-02,1.167512690355329980e-01,1.042253521126760701e-01,2.500000000000000139e-02,9.340659340659339394e-02,7.517084282460136102e-02
1.094091903719912433e-02,7.952116289012398087e-02,9.447531873161163496e-02,4.573170731707316972e-02,1.284289276807979996e-01,2.137065132095213316e-01,2.695092518101367962e-01,2.701525054466230591e-02,1.710603397773872436e-01,2.077117928511117428e-01,2.884772541541814062e-01,3.647308781869688654e-01,3.301079792455476336e-01,1.338014042126378922e-01,9.199999999999999845e-03,1.953344012815378394e-01,3.684999999999999942e-01,4.646000000000000130e-01,5.417999999999999483e-01,6.260000000000000009e-01,7.419999999999999929e-01,8.256999999999999895e-01,8.608999999999999986e-01,8.399999999999999689e-01,8.949000000000000288e-01,9.945000000000000506e-01,1.000000000000000000e+00,9.648999999999999799e-01,8.747000000000000330e-01,6.257000000000000339e-01,2.261571916744330724e-01,3.164624973135611308e-01,3.644999999999999907e-01,5.195397532911786298e-01,7.842999999999999972e-01,9.361000000000000432e-01,8.629040749710434888e-01,6.207000000000000295e-01,4.578472151770315302e-01,3.231149833279552408e-01,2.972762645914397428e-01,2.717681300024253899e-01,4.061813009181430290e-01,4.757794382891007423e-01,4.245095251634915523e-01,3.052660449808008991e-01,1.537486417964505636e-01,1.075172207247679090e-01,1.458859162039373991e-01,1.478787878787878873e-01,4.482071713147409847e-02,1.523272214386459655e-01,1.923076923076922906e-01,2.528409090909090606e-01,8.053691275167786101e-02,7.360406091370558235e-02,3.661971830985915471e-02,2.272727272727272790e-02,8.791208791208790507e-02,1.070615034168564961e-01
2.859226841721371204e-01,4.617357845233005520e-02,8.728342595619484334e-02,6.027204502814258874e-02,1.022443890274314232e-01,1.284331676693696023e-01,2.823813354786806062e-01,3.681917211328976092e-01,3.082893966022261512e-01,3.477343090346186050e-01,3.650231544538273254e-01,4.318696883852691792e-01,4.014864675361099478e-01,2.300902708124372975e-01,1.165000000000000063e-01,2.129555466559871768e-01,2.061999999999999944e-01,2.222000000000000086e-01,3.240999999999999992e-01,4.329999999999999960e-01,5.070999999999999952e-01,5.944000000000000394e-01,7.077999999999999847e-01,7.641000000000000014e-01,8.878000000000000336e-01,9.710999999999999632e-01,9.879999999999999893e-01,9.811999999999999611e-01,9.464000000000000190e-01,8.541999999999999593e-01,6.686341513927721580e-01,3.650333118418224720e-01,3.827999999999999736e-01,3.321239763657095612e-01,1.330999999999999961e-01,4.399999999999999745e-02,1.299357691902706113e-01,2.030000000000000138e-01,1.675966318352440088e-01,1.121867269011509183e-01,1.185102834908282471e-01,2.558816395828280021e-01,3.125565757144704304e-01,2.101262561195568201e-01,1.093261302246232441e-01,9.914975315414154000e-02,1.651575516117348708e-01,2.431865828092243109e-01,2.503785966683493291e-01,1.224242424242424077e-01,8.864541832669321775e-02,1.170662905500705203e-01,2.051282051282051211e-01,7.386363636363635354e-02,1.767337807606264299e-01,1.065989847715736044e-01,2.000000000000000389e-01,1.000000000000000056e-01,6.043956043956043994e-02,3.189066059225512118e-02
1.400437636761487914e-01,2.595126122274475922e-01,1.235697940503432540e-01,1.815196998123827232e-01,3.461346633416458873e-01,2.116139157729531872e-01,1.523196567444355110e-01,4.771241830065359180e-02,1.518746338605741208e-01,1.669012102448634849e-01,1.684827022609643177e-01,2.267705382436260575e-01,4.936194082176412756e-01,4.492477432296890782e-01,3.769000000000000128e-01,5.767921505806967719e-01,6.425999999999999490e-01,6.790000000000000480e-01,7.157000000000000028e-01,5.465999999999999748e-01,5.399000000000000465e-01,6.361999999999999877e-01,7.849000000000000421e-01,7.755999999999999561e-01,5.779999999999999583e-01,4.862000000000000210e-01,4.181000000000000272e-01,2.457000000000000017e-01,7.159999999999999698e-02,6.130000000000000032e-02,1.880501190846018411e-01,4.828067913174295955e-01,5.976000000000000201e-01,3.923499533533740813e-01,2.494999999999999996e-01,5.770999999999999464e-01,9.320838159418763924e-01,8.408999999999999808e-01,3.621791620168408055e-01,3.369904270194686857e-01,6.777098387993329975e-01,7.734659228716953550e-01,3.503168240010344769e-01,1.828137078072661625e-01,1.791299402900198845e-01,1.766319253976961212e-01,1.430641072075334863e-01,2.482779275232105676e-01,2.624936900555275288e-01,2.618181818181818388e-01,3.585657370517927878e-01,4.668547249647390096e-01,3.358974358974359253e-01,3.409090909090908839e-01,2.416107382550335969e-01,6.091370558375634042e-02,1.267605633802816878e-01,8.409090909090910504e-02,3.076923076923076539e-01,1.708428246013667384e-01
1.305616338439095636e-01,5.814450619923043628e-02,1.333769205622752640e-01,1.484521575984990571e-01,1.486284289276808002e-01,2.113523410933821622e-01,5.604719764011798500e-01,7.549019607843135971e-01,7.727006444053895473e-01,8.394314663664509402e-01,8.518114955053118775e-01,6.383852691218130371e-01,5.178796802692470225e-01,2.872617853560681667e-01,1.635000000000000064e-01,4.225070084100920886e-02,1.784999999999999920e-01,4.394000000000000128e-01,6.949999999999999512e-01,8.096999999999999753e-01,8.549999999999999822e-01,8.717000000000000304e-01,8.600999999999999757e-01,9.201000000000000290e-01,8.729000000000000092e-01,8.084000000000000075e-01,8.693999999999999506e-01,8.410999999999999588e-01,5.793000000000000371e-01,3.754000000000000115e-01,3.608781194988091023e-01,4.984955942402750639e-01,6.494999999999999662e-01,7.153519228775785388e-01,5.665999999999999925e-01,5.188000000000000389e-01,5.327998315257449491e-01,3.885000000000000120e-01,3.816577051841330559e-01,4.020651823168764349e-01,2.896053362979433277e-01,1.929420325006063475e-01,2.424673477305056279e-01,2.920639010564287652e-01,2.241967586010804592e-01,1.660724081184860312e-01,1.599058312205722532e-01,2.545672356993112229e-01,1.792024230186774203e-01,2.654545454545454430e-01,8.565737051792828016e-02,1.734837799717912354e-01,1.538461538461538547e-01,5.312500000000000000e-01,2.483221476510067416e-01,3.197969543147208271e-01,2.281690140845070436e-01,3.522727272727272929e-01,4.395604395604395531e-01,1.936218678815489758e-01
1.714077315827862991e-01,9.405728943993159341e-02,5.459300424975482152e-02,1.210131332082551581e-01,1.860349127182044648e-01,2.932252157991107056e-01,3.373558594797532728e-01,3.740740740740740589e-01,4.502050380785003192e-01,4.501829439909935671e-01,4.012530645600653756e-01,3.518413597733711651e-01,3.519842939279203553e-01,1.811434302908726257e-01,1.413000000000000089e-01,3.022627152583099441e-01,3.634999999999999898e-01,3.886999999999999900e-01,2.979999999999999871e-01,2.218999999999999861e-01,1.623999999999999888e-01,1.343000000000000027e-01,2.046000000000000041e-01,3.790999999999999925e-01,5.770999999999999464e-01,7.544999999999999485e-01,8.406000000000000139e-01,8.547000000000000153e-01,9.035999999999999588e-01,1.000000000000000000e+00,9.988609298954126414e-01,8.502041693531056099e-01,6.411999999999999922e-01,6.205037835596558526e-01,6.834999999999999964e-01,7.771000000000000130e-01,8.512161735284826669e-01,7.426000000000000378e-01,6.386324439484629689e-01,6.139614929547165811e-01,4.928293496386881856e-01,4.075915595440213757e-01,4.907539118065433748e-01,6.377222365369750179e-01,6.216946261017912700e-01,3.296763576522216410e-01,2.042738138355668087e-01,4.953578915843067088e-01,4.709742554265522463e-01,2.727272727272727071e-01,2.131474103585657143e-01,3.117066290550070673e-01,3.897435897435897467e-01,2.357954545454545303e-01,1.297539149888143062e-01,5.837563451776649898e-02,1.605633802816901490e-01,1.181818181818181795e-01,7.417582417582417598e-02,4.783599088838268176e-02
1.874544128373450136e-01,1.911073108165882717e-01,1.268388362209872389e-01,5.605065666041276345e-02,3.279301745635910259e-01,3.460633010724561975e-01,4.312148028962188295e-01,4.673202614379084463e-01,1.240480374926772184e-01,7.894736842105262720e-02,1.213565785889403476e-01,1.219546742209631773e-01,2.146963960173889074e-01,1.528585757271815615e-01,1.849000000000000088e-01,2.874449339207048593e-01,2.008999999999999952e-01,2.747999999999999887e-01,5.017000000000000348e-01,2.172000000000000042e-01,4.978000000000000203e-01,5.264999999999999680e-01,3.647000000000000242e-01,5.767999999999999794e-01,5.161000000000000032e-01,5.715000000000000080e-01,4.006000000000000116e-01,3.649999999999999911e-01,6.684999999999999831e-01,8.659000000000000030e-01,8.337993165579372645e-01,4.386417365140769520e-01,3.378999999999999782e-01,5.278324867834559564e-01,6.775999999999999801e-01,7.312999999999999501e-01,6.383068337369695033e-01,7.039999999999999591e-01,8.977376483717155464e-01,9.657954178767345077e-01,8.617009449694275069e-01,8.788503516856658315e-01,1.000000000000000000e+00,1.000000000000000000e+00,8.542792152402615136e-01,6.190345584201866203e-01,5.606664252082578237e-01,5.567535190176700066e-01,4.825845532559313589e-01,2.496969696969696950e-01,2.051792828685258807e-01,1.354019746121297441e-01,3.923076923076923017e-01,2.727272727272727071e-01,2.930648769574944468e-01,5.025380710659899108e-01,7.042253521126760896e-02,4.522727272727273262e-01,7.005494505494505031e-01,4.100227790432801611e-01
2.443471918307804636e-01,5.728943993159470172e-02,2.275253350768224603e-01,2.767354596622889074e-01,8.678304239401495035e-02,3.086581218938007076e-01,5.223920622150710624e-01,3.501089324618736343e-01,4.446397188049209248e-01,6.152547143259217144e-01,7.536093707436666289e-01,8.174220963172804666e-01,9.847146262796242500e-01,7.088264794383148937e-01,7.367000000000000215e-01,7.399879855826991815e-01,8.621999999999999664e-01,9.457999999999999741e-01,8.781999999999999806e-01,7.913000000000000034e-01,5.759999999999999565e-01,3.060999999999999832e-01,5.630000000000000282e-02,2.390000000000000110e-02,2.554000000000000159e-01,4.862000000000000210e-01,5.027000000000000357e-01,4.401999999999999802e-01,2.847000000000000086e-01,1.796999999999999986e-01,3.686445065755410422e-01,3.784655061250806196e-01,3.321000000000000063e-01,3.225873328495905135e-01,3.638000000000000123e-01,7.539999999999999480e-02,1.931136148257344420e-01,1.819999999999999951e-01,1.841331033783098203e-01,1.713455953533397913e-01,6.403557531962200677e-02,1.156924569488236715e-01,1.404370878055088701e-01,1.046122133470754889e-01,1.114586295137901528e-01,6.678551837630279653e-02,7.950018109380659059e-02,1.755016471997604133e-01,1.867743563856638089e-01,2.242424242424242153e-01,3.007968127490039945e-01,3.441466854724964941e-01,5.948717948717948678e-01,2.642045454545454142e-01,3.557046979865772229e-01,4.898477157360406897e-01,9.014084507042255390e-02,8.568181818181818121e-01,3.461538461538461453e-01,3.553530751708428026e-01
2.246535375638220311e-01,1.449337323642582165e-01,6.603465184700882395e-02,2.084896810506566833e-01,3.915211970074812808e-01,4.577556892492806728e-01,2.467149369804236825e-01,2.947712418300653670e-01,2.333040421792618724e-01,3.933295806360821989e-01,4.543721056932716329e-01,4.164305949008498819e-01,2.254943205721497701e-01,3.345035105315948276e-01,4.984999999999999987e-01,7.303764517420905378e-01,7.349999999999999867e-01,8.253000000000000336e-01,8.792999999999999705e-01,9.657000000000000028e-01,1.000000000000000000e+00,8.707000000000000295e-01,6.471000000000000085e-01,5.973000000000000531e-01,8.217999999999999750e-01,7.754999999999999671e-01,6.110999999999999766e-01,4.194999999999999840e-01,2.989999999999999880e-01,1.353999999999999926e-01,2.524593559076317439e-01,6.043412851923490869e-01,5.554999999999999938e-01,7.217787913340935058e-01,7.298000000000000043e-01,7.022000000000000464e-01,5.757607665578603484e-01,1.421000000000000041e-01,4.806736329512021899e-01,6.894697214155104392e-01,4.863813229571984365e-01,3.853989813242784668e-01,3.073839389628863494e-01,3.617624323627930960e-01,1.953369348876883571e-01,1.557871640153593029e-01,1.872509960159362552e-01,2.060497154836777589e-01,2.130237253912165563e-01,1.418181818181818155e-01,6.972111553784859916e-02,2.355430183356840290e-01,3.256410256410256499e-01,3.920454545454545303e-01,2.013422818791946178e-01,1.294416243654822607e-01,8.169014084507042472e-02,2.772727272727272818e-01,1.538461538461538269e-01,4.555808656036446080e-02
1.466083150984682781e-01,1.111586147926464305e-02,4.511278195488721554e-02,1.454033771106941729e-02,3.316708229426433563e-02,3.949777661522364813e-02,1.450791096808795866e-01,4.575163398692810857e-02,7.396016403046280774e-02,1.543765831691528423e-01,1.145464451103241632e-01,1.334277620396600861e-01,1.688402748562614075e-01,4.212637913741223983e-02,3.099999999999999891e-03,1.621946335602723194e-02,6.239999999999999714e-02,2.127000000000000002e-01,3.436000000000000165e-01,3.812999999999999723e-01,3.825000000000000067e-01,4.763999999999999901e-01,6.312999999999999723e-01,7.522999999999999687e-01,8.675000000000000488e-01,8.788000000000000256e-01,7.901000000000000245e-01,8.356999999999999984e-01,9.630999999999999561e-01,9.618999999999999773e-01,9.564046805426115183e-01,9.566946056307757962e-01,9.707999999999999963e-01,1.000000000000000000e+00,7.892000000000000126e-01,5.306999999999999496e-01,2.861956407286511683e-01,1.953000000000000014e-01,1.393933245409353650e-01,3.339787028073571973e-01,4.213451917732073393e-01,4.978171234537957512e-01,4.338549075391180954e-01,3.862406596238083245e-01,3.906738697753767142e-01,2.775644541963795953e-01,1.888808402752625848e-01,1.356693620844564296e-01,1.701161029782937983e-01,1.478787878787878873e-01,7.171314741035855755e-02,1.523272214386459655e-01,1.794871794871794879e-01,1.789772727272727071e-01,6.711409395973154390e-02,2.791878172588832877e-02,1.971830985915493106e-02,5.454545454545454281e-02,1.565934065934065922e-01,1.002277904328018193e-01
2.757111597374179435e-01,1.359555365540829619e-01,1.382804838182412344e-01,8.208255159474672769e-02,4.456359102244388803e-01,4.276746010986137159e-01,2.378653794582998027e-01,1.779956427015250420e-01,2.605448154657293847e-01,2.889107796228539415e-01,4.269953691092345793e-01,4.416430594900850326e-01,5.168980507642686462e-01,3.896690070210632184e-01,5.849999999999999645e-01,7.877452943532239349e-01,9.738999999999999879e-01,1.000000000000000000e+00,9.842999999999999527e-01,8.609999999999999876e-01,8.443000000000000504e-01,9.061000000000000165e-01,5.846999999999999975e-01,4.032999999999999918e-01,5.946000000000000174e-01,6.793000000000000149e-01,6.389000000000000234e-01,5.001999999999999780e-01,5.577999999999999625e-01,4.830999999999999739e-01,4.896965931448690190e-01,3.565441650548033525e-01,3.968999999999999750e-01,4.036488027366020859e-01,2.313999999999999946e-01,1.035999999999999976e-01,1.381488891228809246e-01,8.640000000000000457e-02,2.606269656081972586e-01,3.419382596536517660e-01,2.944969427459700473e-01,3.291292747999029489e-01,2.215181688865899556e-01,7.523834063385725912e-02,1.748649417116860949e-01,3.017004936917169755e-01,3.980441868888083823e-01,3.216531895777178796e-01,2.135285209490156433e-01,1.963636363636363513e-01,9.262948207171313453e-02,6.488011283497883974e-02,1.128205128205128221e-01,2.215909090909090606e-01,2.281879194630872798e-01,1.649746192893400965e-01,1.718309859154929786e-01,1.409090909090909005e-01,1.181318681318681285e-01,1.207289293849658218e-01
8.971553610503282816e-02,9.405728943993160035e-03,6.407322654462242750e-02,4.831144465290806989e-02,4.488778054862842259e-02,1.286947423489406273e-01,8.849557522123893682e-03,8.671023965141612388e-02,1.158465143526655056e-01,6.684491978609626017e-02,1.569054753473168029e-01,7.365439093484418831e-02,1.671574814191558178e-01,1.948846539618856455e-01,1.839999999999999969e-01,2.079495394473367953e-01,1.955999999999999961e-01,1.630000000000000060e-01,1.218000000000000055e-01,1.016999999999999987e-01,1.353999999999999926e-01,3.156999999999999806e-01,4.645000000000000240e-01,5.906000000000000139e-01,6.775999999999999801e-01,8.118999999999999551e-01,8.594000000000000528e-01,9.227999999999999536e-01,8.387000000000000011e-01,7.237999999999999989e-01,6.515480998239618904e-01,5.567375886524822404e-01,4.628999999999999782e-01,5.447289312739711509e-01,5.147000000000000464e-01,3.929000000000000270e-01,1.346741076129304160e-01,4.109999999999999765e-02,8.714619052450035819e-02,1.216521458535011341e-01,1.451917732073374212e-01,2.130730050933785924e-01,3.424285529548687368e-01,2.518680752383406496e-01,9.326130224623259413e-02,7.953922106417993243e-02,5.776892430278883495e-02,9.014675052410901779e-02,1.373043917213528364e-01,8.969696969696969169e-02,1.484063745019920388e-01,1.763046544428772955e-01,3.435897435897435903e-01,7.386363636363635354e-02,8.501118568232662875e-02,4.568527918781725705e-02,3.183098591549295975e-01,1.318181818181818066e-01,1.291208791208791062e-01,1.617312072892938546e-01
2.414296134208606670e-01,1.808465156049593736e-01,1.549525988885256389e-01,1.918386491557223239e-01,2.082294264339152046e-01,1.977504577556892518e-01,1.002949852507374617e-01,2.093681917211329124e-01,8.025776215582894335e-02,2.716014635519279491e-02,1.221737946063743002e-01,2.456090651558073823e-01,2.714906745197027127e-01,2.811434302908726313e-01,3.312999999999999834e-01,5.026031237484981373e-01,6.360000000000000098e-01,7.096000000000000085e-01,8.333000000000000407e-01,8.729999999999999982e-01,8.073000000000000176e-01,7.507000000000000339e-01,7.526000000000000467e-01,7.298000000000000043e-01,6.177000000000000268e-01,4.945999999999999841e-01,4.531000000000000028e-01,4.098999999999999866e-01,4.540000000000000147e-01,4.123999999999999888e-01,3.250491871181526715e-01,3.432194283258113154e-01,3.691999999999999726e-01,3.914170208354929015e-01,4.469000000000000195e-01,4.777000000000000135e-01,4.965778666947457398e-01,4.663999999999999813e-01,3.949477528659835479e-01,4.576745186619339822e-01,4.518065591995553132e-01,4.501576521950035881e-01,4.995473942842363901e-01,3.609894357124452391e-01,1.823997725334091380e-01,1.531815688425672006e-01,2.359652299891343563e-01,2.356993111710093125e-01,2.200908632004038301e-01,2.715151515151514872e-01,1.324701195219123440e-01,1.100141043723554118e-01,4.461538461538461231e-01,5.000000000000000000e-01,8.501118568232662875e-02,3.274111675126903931e-01,1.859154929577464810e-01,1.000000000000000056e-01,3.681318681318681008e-01,2.095671981776765225e-01
1.393143690736688423e-01,7.396323215049166455e-02,9.512912716574044303e-02,7.059099437148216860e-02,1.154613466334164507e-01,1.804865289040021303e-01,1.544650040225261367e-01,2.403050108932461570e-01,3.548623315758641095e-01,4.410357444413172123e-01,6.518659765731409372e-01,7.420679886685552784e-01,6.160426307670734403e-01,3.450351053159478321e-01,2.868999999999999884e-01,3.893672406888266102e-01,4.420000000000000040e-01,3.891999999999999904e-01,4.087999999999999967e-01,5.006000000000000449e-01,7.270999999999999686e-01,9.385000000000000009e-01,1.000000000000000000e+00,9.830999999999999739e-01,9.931999999999999718e-01,9.161000000000000254e-01,8.236999999999999877e-01,6.956999999999999851e-01,4.536000000000000032e-01,3.281000000000000028e-01,2.611577094335714722e-01,4.259617451106812447e-01,4.153999999999999915e-01,3.429045299056701634e-01,1.444999999999999896e-01,1.922999999999999987e-01,3.377908813309465907e-01,3.366999999999999993e-01,5.765445876027188721e-01,5.921264924169087340e-01,3.591995553085047255e-01,5.432937181663836934e-02,4.048881417302470087e-01,4.363566091213604836e-01,5.871481376172874578e-01,4.990400438837082064e-01,3.746830858384643248e-01,2.572626534890686267e-01,3.028773346794548238e-01,3.236363636363636664e-01,1.245019920318725104e-01,5.641748942172072900e-02,3.487179487179487003e-01,3.892045454545454142e-01,3.847874720357942202e-01,3.350253807106599035e-01,3.098591549295774961e-01,2.772727272727272818e-01,3.131868131868131844e-01,1.548974943052391640e-01
6.856309263311451130e-02,2.612227447627191168e-01,3.713631905851585424e-01,2.821294559099437049e-01,1.004987531172069765e-01,3.209521318336385209e-01,6.690801823545186044e-01,9.947712418300653781e-01,9.647041593438780982e-01,7.147481001970166226e-01,4.562789430672841706e-01,1.181303116147308929e-01,4.212592904221006962e-01,3.968906720160481627e-01,3.769000000000000128e-01,3.832599118942731087e-01,1.247000000000000053e-01,1.363000000000000045e-01,2.677999999999999825e-01,9.187999999999999501e-01,9.778999999999999915e-01,3.235999999999999988e-01,1.943999999999999895e-01,1.874000000000000110e-01,8.849999999999999534e-02,3.442999999999999949e-01,2.953000000000000069e-01,5.907999999999999918e-01,4.563999999999999724e-01,7.334000000000000519e-01,2.038935487211349096e-01,2.998065764023211122e-01,6.211999999999999744e-01,8.998652430807504432e-01,8.620999999999999774e-01,9.379999999999999449e-01,8.768032010108455232e-01,9.479999999999999538e-01,6.818504616008927988e-01,4.771431644616542789e-01,5.739855475264035167e-01,4.619209313606597589e-01,2.013448855554118844e-01,1.866786910590054194e-01,3.784475405174864693e-01,2.476686780032913149e-01,3.076783773994929416e-01,7.663971248876910725e-01,5.699141847551741913e-01,2.436363636363636231e-01,4.780876494023904577e-01,3.300423131170662772e-01,4.487179487179487336e-01,1.000000000000000000e+00,3.534675615212528599e-01,8.274111675126902821e-01,5.661971830985915721e-01,3.818181818181818343e-01,6.730769230769230171e-01,3.507972665148063607e-01
3.019693654266958349e-01,1.864044463445917177e-01,1.461261850277868479e-01,1.979362101313320854e-01,1.044887780548628409e-01,3.178132356787863322e-01,5.368731563421828001e-01,3.302832244008714890e-01,1.198008201523140109e-01,2.779341401632423603e-01,3.144919640424952423e-01,4.284702549575070685e-01,5.522367129434861965e-01,5.065195586760280477e-01,5.872000000000000552e-01,6.617941529835803527e-01,7.417000000000000259e-01,8.005999999999999783e-01,8.456000000000000183e-01,7.939000000000000501e-01,8.803999999999999604e-01,8.384000000000000341e-01,7.852000000000000091e-01,8.478999999999999870e-01,7.433999999999999497e-01,6.432999999999999829e-01,5.514000000000000012e-01,3.518999999999999906e-01,3.168000000000000260e-01,3.346000000000000085e-01,2.129025577301439376e-01,1.108961960025789811e-01,3.168000000000000260e-01,4.187830413600083235e-01,4.282000000000000250e-01,4.537999999999999812e-01,3.900179003895967167e-01,3.740999999999999881e-01,3.894694126001826406e-01,3.758201570399053448e-01,4.869371873262924311e-01,5.172204705311665984e-01,3.690676322255269648e-01,3.617624323627930960e-01,3.404890531703155809e-01,5.060340098738343867e-02,1.457805143064107301e-01,1.620245582509733662e-01,8.934881373043918051e-02,7.878787878787878174e-02,2.211155378486055756e-01,6.346967559943580972e-02,3.487179487179487003e-01,3.210227272727272374e-01,1.185682326621924076e-01,4.187817258883249072e-01,3.971830985915493217e-01,1.750000000000000167e-01,6.758241758241757546e-01,4.510250569476082494e-01
1.524434719183077880e-01,1.188542112013681040e-01,3.759398496240601295e-02,1.043621013133208264e-01,1.064837905236907661e-01,2.003662045513994461e-01,3.909895414320193607e-01,3.115468409586056309e-01,2.773872290568248911e-01,2.607655502392344227e-01,2.380822664124217225e-01,2.203966005665722316e-01,2.069835927639882556e-01,1.382146439317953890e-01,2.584000000000000186e-01,3.831597917501001205e-01,4.783999999999999919e-01,5.360000000000000320e-01,6.191999999999999726e-01,7.912000000000000144e-01,9.264000000000000012e-01,1.000000000000000000e+00,9.080000000000000293e-01,7.435000000000000497e-01,5.556999999999999718e-01,3.171999999999999820e-01,1.295000000000000040e-01,5.979999999999999899e-02,2.721999999999999975e-01,3.615999999999999770e-01,3.409961685823754696e-01,5.217064259617451016e-01,3.936000000000000054e-01,1.912511661656473572e-01,3.420000000000000123e-02,2.489000000000000101e-01,4.040223228387911925e-01,3.513999999999999901e-01,2.692502789895506177e-01,1.893083790470043992e-01,1.777654252362423359e-01,1.050206160562697083e-01,7.629639208586576349e-02,1.047410461221334604e-01,6.994597668467443519e-02,5.718595721338453480e-02,8.964143426294821082e-02,1.099131476489967202e-01,5.805148914689550743e-02,1.430303030303030076e-01,1.324701195219123440e-01,1.354019746121297441e-01,3.589743589743589480e-02,1.392045454545454419e-01,8.724832214765100569e-02,7.360406091370558235e-02,2.197183098591549422e-01,1.068181818181818260e-01,5.769230769230768857e-02,2.505694760820045483e-02
9.628008752735230102e-02,3.420265070542967412e-02,6.145799280810722298e-02,3.306754221388367304e-02,1.087281795511221838e-01,1.747318859534397195e-01,1.633145615446500443e-01,2.854030501089324656e-02,1.316637375512595132e-01,1.297495074584857910e-01,1.968128575320076123e-01,2.089235127478753506e-01,2.926658252699481100e-01,2.565697091273821950e-01,2.602999999999999758e-01,1.987384861834201044e-01,2.394000000000000017e-01,3.134000000000000119e-01,4.077000000000000068e-01,4.529000000000000248e-01,4.893000000000000127e-01,5.665999999999999925e-01,6.233999999999999542e-01,6.741000000000000325e-01,8.282000000000000473e-01,8.822999999999999732e-01,9.195999999999999730e-01,8.964999999999999636e-01,7.549000000000000155e-01,6.735999999999999766e-01,6.692554623589106466e-01,5.380399742101870109e-01,3.663000000000000145e-01,2.382087695656680826e-01,1.361999999999999877e-01,2.122999999999999887e-01,2.521849004948931161e-01,2.672999999999999821e-01,2.906563863244394641e-01,2.215768527481983274e-01,1.844357976653696607e-01,3.193063303419839682e-01,3.300142247510668425e-01,2.185003864983251776e-01,2.085584304805231659e-01,1.763576522216127318e-01,1.676928649040202723e-01,2.144354597184786049e-01,1.640585562847046985e-01,3.127272727272726871e-01,1.354581673306772815e-01,6.205923836389280746e-02,7.179487179487178961e-02,5.965909090909090468e-02,4.921700223713647293e-02,1.218274111675126808e-01,3.887323943661972203e-01,3.181818181818182323e-01,7.692307692307691347e-02,1.457858769931662801e-01
3.085339168490153217e-01,1.372381359555365499e-01,2.317750898986596919e-01,2.532833020637898641e-02,2.668329177057356394e-01,2.545121632226000630e-01,2.577098417806382713e-01,2.882352941176470340e-01,3.605741066198008271e-01,3.793976920911905637e-01,4.647235085807682187e-01,6.079320113314448104e-01,5.163371196185668754e-01,3.951855566700100408e-01,2.964999999999999858e-01,3.175810973167801365e-01,2.824999999999999734e-01,3.049999999999999933e-01,2.407999999999999863e-01,5.420000000000000373e-01,6.802000000000000268e-01,6.320000000000000062e-01,5.824000000000000288e-01,6.804999999999999938e-01,5.984000000000000430e-01,8.411999999999999478e-01,9.910999999999999810e-01,9.186999999999999611e-01,8.004999999999999893e-01,6.713000000000000078e-01,5.832038935487211528e-01,7.878787878787878451e-01,6.038000000000000034e-01,2.669223592826785452e-01,3.490000000000000047e-02,1.799000000000000044e-01,3.199957881436242824e-01,4.759999999999999787e-01,5.839504920361164864e-01,4.575669570829299926e-01,5.609783212896054527e-01,8.706039291777831757e-01,7.969740075003232116e-01,7.295800051533110064e-01,8.173158942280351891e-01,4.927317608337904997e-01,4.574429554509235607e-01,6.885294998502545782e-01,6.415951539626451039e-01,4.315151515151515182e-01,3.655378486055776976e-01,2.482369534555712298e-01,8.974358974358974395e-02,2.642045454545454142e-01,2.706935123042505942e-01,1.903553299492385942e-01,1.577464788732394485e-01,4.772727272727272929e-02,1.181318681318681285e-01,3.872437357630979099e-02
2.144420131291028264e-01,5.258657545959811996e-02,3.824779339653481408e-02,2.650093808630393788e-02,1.239401496259351643e-01,2.610515302118754932e-01,3.555913113435237305e-01,2.433551198257080384e-01,4.370240187463386161e-01,4.887419082465522258e-01,5.762734949605011758e-01,7.144475920679886904e-01,7.343991025101670456e-01,4.411233701103310367e-01,3.235999999999999988e-01,2.959551461754104662e-01,3.286000000000000032e-01,3.230999999999999983e-01,4.527999999999999803e-01,6.339000000000000190e-01,7.044000000000000261e-01,8.314000000000000279e-01,8.448999999999999844e-01,8.511999999999999567e-01,9.137999999999999456e-01,9.985000000000000542e-01,1.000000000000000000e+00,7.543999999999999595e-01,4.661000000000000143e-01,3.924000000000000266e-01,3.985709847778813320e-01,5.022566086395873208e-01,4.244999999999999885e-01,3.208251269824816121e-01,7.520000000000000295e-02,2.884999999999999787e-01,4.287669790460145181e-01,3.170000000000000040e-01,2.904534848331135066e-01,2.833171990964827858e-01,6.014452473596442611e-02,2.272617026437060428e-01,4.473037630932367725e-01,5.985570729193506745e-01,6.206994597668467062e-01,3.539495337356006743e-01,2.388627308946033867e-01,1.512428870919437229e-01,5.653710247349823248e-02,7.151515151515150381e-02,4.083665338645418863e-02,7.898448519040901505e-02,2.666666666666666630e-01,2.244318181818181768e-01,3.131991051454138808e-02,1.370558375634517989e-01,4.225352112676056954e-02,1.363636363636363570e-02,2.225274725274725141e-01,9.794988610478359836e-02
8.388037928519329611e-01,4.972210346301838557e-01,2.830990519777705217e-01,8.395872420262663616e-02,5.785536159600996459e-02,3.314151190164792427e-01,6.481630463931348229e-01,5.797385620915032067e-01,6.364967779730521524e-01,7.568252181255276101e-01,5.197493870879869027e-01,1.403682719546742175e-01,8.638339643808723434e-02,1.800401203610832446e-01,3.906999999999999917e-01,3.606327593111734453e-01,3.040999999999999814e-01,2.427999999999999881e-01,4.060000000000000275e-01,8.395000000000000240e-01,9.777000000000000135e-01,4.680000000000000271e-01,6.099999999999999867e-02,2.142999999999999905e-01,1.348000000000000032e-01,2.853999999999999870e-01,1.617000000000000104e-01,2.649000000000000243e-01,4.565000000000000169e-01,6.502000000000000002e-01,2.949156052604328671e-01,3.541800988609499212e-01,5.370000000000000329e-01,6.869493106665284232e-01,8.626000000000000334e-01,8.547000000000000153e-01,8.263662209118669555e-01,9.015999999999999570e-01,8.955057319671300142e-01,6.546197698182210090e-01,3.123957754307949419e-01,1.098714528256124201e-01,1.522048364153627265e-01,3.470754960061839256e-01,7.412567529144156175e-01,5.803620405924301284e-01,4.237595074248460825e-01,5.774183887391435288e-01,5.512367491166078048e-01,6.145454545454545059e-01,2.270916334661354508e-01,1.396332863187588202e-01,1.666666666666666574e-01,2.414772727272727348e-01,3.713646532438479309e-01,2.791878172588832530e-01,5.352112676056338669e-01,3.204545454545454919e-01,1.868131868131867879e-01,1.958997722095671967e-01
2.479941648431801815e-01,2.672082086361692865e-01,1.245505067015364592e-01,6.027204502814258874e-02,1.099750623441396458e-01,2.686371959194350234e-01,3.451327433628318953e-01,4.030501089324618480e-01,3.876684241359109606e-01,5.793695468618069722e-01,7.143830019068373449e-01,7.565155807365440133e-01,7.788528958070397579e-01,3.926780341023069498e-01,2.949999999999999845e-01,3.078694433319983936e-01,3.020999999999999797e-01,2.718999999999999750e-01,5.443000000000000060e-01,7.932000000000000162e-01,8.750999999999999890e-01,8.667000000000000259e-01,7.106999999999999984e-01,6.911000000000000476e-01,7.287000000000000144e-01,8.791999999999999815e-01,1.000000000000000000e+00,9.816000000000000281e-01,8.983999999999999764e-01,6.048000000000000043e-01,5.109247178212695806e-01,5.771545239630346824e-01,4.586000000000000076e-01,3.014408624442831974e-01,7.739999999999999658e-02,2.248999999999999888e-01,1.686848478466884405e-01,3.957999999999999852e-01,6.205742112204525318e-01,5.588899645046788711e-01,2.580322401334074756e-01,5.299539170506912811e-01,4.910125436441225566e-01,5.568152538005668450e-01,6.954791015069661242e-01,2.606966538672517708e-01,1.702281781963056739e-01,4.085055405810122942e-01,4.573447753659767856e-01,1.745454545454545314e-01,3.276892430278884327e-01,1.988716502115655815e-01,4.871794871794871834e-02,1.903409090909090884e-01,2.214765100671141351e-01,1.065989847715736044e-01,1.605633802816901490e-01,1.159090909090909199e-01,9.065934065934065644e-02,1.321184510250569266e-01
1.152443471918307982e-01,1.021804189824711412e-01,4.903563255966001538e-02,1.158536585365853577e-01,2.463840399002493464e-01,3.727439183886999685e-01,3.923303834808259949e-01,2.655773420479302649e-01,2.485354422964264898e-01,2.706163805235012876e-01,3.215745028602560729e-01,3.851274787535410860e-01,4.275697658112467270e-01,2.994984954864593485e-01,2.225999999999999923e-01,1.747096515818982732e-01,2.459000000000000075e-01,3.099999999999999978e-01,3.572000000000000175e-01,4.283000000000000140e-01,4.268000000000000127e-01,3.734999999999999987e-01,4.585000000000000187e-01,6.094000000000000528e-01,7.220999999999999641e-01,7.594999999999999529e-01,8.706000000000000405e-01,1.000000000000000000e+00,9.815000000000000391e-01,7.187000000000000055e-01,6.055710883297089620e-01,4.504620674833441085e-01,3.755999999999999894e-01,3.382398673162640979e-01,1.943999999999999895e-01,1.393999999999999961e-01,1.758450036853743403e-01,1.275000000000000022e-01,1.690169422745257111e-01,2.768635043562439613e-01,2.510283490828237873e-01,3.367693427116177363e-01,2.085865770076296422e-01,1.719917547023963045e-01,2.809212396929200994e-01,1.692265496434448846e-01,2.814197754436798538e-01,3.165618448637316784e-01,2.473498233215547792e-01,1.175757575757575696e-01,2.221115537848605548e-01,1.706629055007052032e-01,2.769230769230769384e-01,1.619318181818181768e-01,6.263982102908277616e-02,2.005076142131980155e-01,9.577464788732394096e-02,1.045454545454545525e-01,6.043956043956043994e-02,4.783599088838268176e-02
1.422319474835886111e-01,6.070970500213766774e-02,5.916966328865642943e-02,9.521575984990618413e-02,9.750623441396509550e-02,6.513209521318336082e-02,2.392062215071064646e-01,2.119825708061001956e-01,1.230228471001757612e-01,1.676048409794539673e-01,2.073004630890765698e-01,1.872521246458923871e-01,2.010938157341186361e-01,1.247743229689067118e-01,6.529999999999999694e-02,8.910692831397676317e-02,1.226000000000000006e-01,1.845999999999999863e-01,3.880000000000000115e-01,3.658000000000000140e-01,2.296999999999999875e-01,2.610000000000000098e-01,4.193000000000000060e-01,5.847999999999999865e-01,5.643000000000000238e-01,5.447999999999999510e-01,4.772000000000000131e-01,6.896999999999999797e-01,9.797000000000000153e-01,1.000000000000000000e+00,9.885057471264367956e-01,9.493874919406833923e-01,7.661999999999999922e-01,6.786565771742509856e-01,5.446999999999999620e-01,4.592999999999999861e-01,4.926818995472254104e-01,1.986999999999999877e-01,7.091407121842345507e-02,1.605894374529417967e-01,1.904391328515842308e-01,2.005821004123211071e-01,3.362213888529678174e-01,4.954908528729708994e-01,5.336934887688370432e-01,3.310477235326385048e-01,1.950380296993842744e-01,6.708595387840671220e-02,7.824331145885916883e-02,2.266666666666666829e-01,1.245019920318725104e-01,3.949224259520450753e-02,1.717948717948717952e-01,3.409090909090908839e-01,2.684563758389261687e-02,5.583756345177665753e-02,1.633802816901408494e-01,9.545454545454545858e-02,1.840659340659340504e-01,2.733485193621867579e-02
1.969365426695842414e-01,6.968790081231295008e-02,1.114743380189604366e-01,5.792682926829267887e-02,2.049875311720698035e-01,3.285377975411979956e-01,3.547868061142397389e-01,3.450980392156862697e-01,2.954012888107791501e-01,2.986208837602026267e-01,3.010078997548352175e-01,3.398016997167139230e-01,4.156499789650820453e-01,4.073219658976930946e-01,5.094999999999999529e-01,5.518622346816179913e-01,6.612999999999999989e-01,6.804000000000000048e-01,6.520000000000000240e-01,6.787999999999999590e-01,7.811000000000000165e-01,8.368999999999999773e-01,8.969000000000000306e-01,9.856000000000000316e-01,1.000000000000000000e+00,9.395000000000000018e-01,8.917000000000000481e-01,8.104999999999999982e-01,6.827999999999999625e-01,5.572000000000000286e-01,4.453764108936522637e-01,3.588007736943906734e-01,2.034999999999999865e-01,8.272001658546697389e-02,8.089999999999999969e-02,1.524999999999999967e-01,2.765083710645466764e-01,2.456000000000000127e-01,2.008724764127016449e-01,2.594385285575992461e-01,2.678154530294608038e-01,2.305360174630123604e-01,2.685891633260054090e-01,2.276475135274413641e-01,1.590844469718510068e-01,1.068294020844761383e-01,2.433900760593987467e-01,2.875112309074573380e-01,3.018677435638566497e-01,4.000000000000000222e-01,1.962151394422310680e-01,2.665726375176304397e-01,5.230769230769231060e-01,2.414772727272727348e-01,9.619686800894855505e-02,2.335025380710659959e-01,3.887323943661972203e-01,2.136363636363636520e-01,2.884615384615384914e-01,2.118451025056947434e-01
3.304157549234135738e-01,2.235998289867464628e-01,2.755802549852893191e-01,1.615853658536585413e-01,2.950124688279301410e-01,6.756473973319382376e-01,5.781710914454277761e-01,7.583877995642701597e-01,4.887229056824838880e-01,4.041654939487757114e-01,6.698447289566875629e-01,9.280453257790368671e-01,9.702706492778011560e-01,7.820461384152457285e-01,7.463999999999999524e-01,9.455346415698838713e-01,1.000000000000000000e+00,8.873999999999999666e-01,8.024000000000000021e-01,7.818000000000000504e-01,5.211999999999999966e-01,4.052000000000000046e-01,3.956999999999999962e-01,3.914000000000000257e-01,3.250000000000000111e-01,3.200000000000000067e-01,3.271000000000000019e-01,2.767000000000000015e-01,4.423000000000000265e-01,2.028000000000000080e-01,3.922543232888060505e-01,3.166774124220932962e-01,1.983999999999999930e-01,2.426661138177671762e-01,1.305999999999999939e-01,4.182000000000000162e-01,4.038117300200063098e-01,1.057000000000000023e-01,1.866693720198843442e-01,2.118963106378401740e-01,1.861033907726514780e-01,7.070094591317001298e-02,1.811716022242338131e-01,2.097397577943828917e-01,8.828547057150981647e-02,2.783872737246297427e-02,9.597971749366171479e-02,2.222222222222222376e-01,2.064613831398283694e-01,7.393939393939394367e-02,1.245019920318725104e-01,1.184767277856135226e-01,2.282051282051281993e-01,1.363636363636363535e-01,2.102908277404921811e-01,4.847715736040609236e-01,3.943661971830986213e-01,1.113636363636363730e-01,1.428571428571428492e-01,1.002277904328018193e-01
2.727935813274982024e-01,2.505344164172723653e-01,2.052958483164432635e-01,1.252345215759849972e-01,6.359102244389026881e-02,3.719591943499869213e-01,5.556449450254760114e-01,5.956427015250543855e-01,4.496192149970709151e-01,3.654658035462988730e-01,4.743938981204031680e-01,5.664305949008499041e-01,6.414247651100827285e-01,5.967903711133399902e-01,7.923999999999999932e-01,8.281938325991189398e-01,8.086999999999999744e-01,8.977000000000000535e-01,9.828000000000000069e-01,8.981999999999999984e-01,8.890000000000000124e-01,9.366999999999999771e-01,9.122000000000000108e-01,7.935999999999999721e-01,6.717999999999999527e-01,6.318000000000000282e-01,4.864999999999999880e-01,3.387999999999999901e-01,4.832000000000000184e-01,3.821999999999999842e-01,3.184218701460080903e-01,1.361487212551042436e-01,7.430000000000000493e-02,1.565253446667357606e-01,1.905999999999999917e-01,1.817000000000000004e-01,1.799515636516794692e-01,9.460000000000000353e-02,2.870041594805721741e-01,3.233301064859632201e-01,1.780989438576987272e-01,1.798447732233810215e-01,3.717832665201086240e-01,2.637206905436743076e-01,1.512652829115723463e-01,1.913055403181569136e-01,1.928649040202825016e-01,1.578316861335729293e-01,1.993942453306410956e-01,2.218181818181818032e-01,3.515936254980079334e-01,1.664315937940761547e-01,1.615384615384615474e-01,6.732954545454544748e-01,7.158836689038032552e-02,2.208121827411167470e-01,3.492957746478873582e-01,2.568181818181818343e-01,2.692307692307692180e-01,2.870159453302961183e-01
1.896425966447848332e-01,1.551945275758871423e-01,4.445897352075841441e-02,6.378986866791744315e-02,5.336658354114712927e-02,8.841224169500391805e-02,1.756503083936712395e-01,3.050108932461873534e-01,2.699179847685999056e-01,3.312693498452012331e-01,3.704712612367203062e-01,3.458923512747875684e-01,2.334875893984013628e-01,3.370110330992978631e-02,1.302000000000000102e-01,1.710052062474969881e-01,2.177000000000000046e-01,3.175000000000000044e-01,3.714000000000000079e-01,4.551999999999999935e-01,5.699999999999999512e-01,7.397000000000000242e-01,8.062000000000000277e-01,8.837000000000000410e-01,9.432000000000000384e-01,1.000000000000000000e+00,9.375000000000000000e-01,7.602999999999999758e-01,7.123000000000000442e-01,8.357999999999999874e-01,7.892720306513409945e-01,4.907586503331184402e-01,1.715000000000000135e-01,1.605680522442210212e-01,1.640999999999999959e-01,1.869000000000000106e-01,2.795619669369274751e-01,1.713000000000000078e-01,9.729126509079841223e-02,8.260729267505646789e-02,9.416342412451361721e-02,2.517584283288867297e-01,3.239363765679555418e-01,2.398866271579489784e-01,2.045777651407449382e-01,2.015907844212835864e-01,1.794639623324882083e-01,1.227912548667265888e-02,7.773851590106006793e-02,1.406060606060605955e-01,1.802788844621514008e-01,2.059238363892806623e-01,3.307692307692307598e-01,1.335227272727272652e-01,8.724832214765100569e-02,1.548223350253807307e-01,1.126760563380281854e-01,8.181818181818181768e-02,1.675824175824175977e-01,2.619589977220956323e-01
2.662290299051786602e-01,6.977340743907652909e-01,5.348152991173585891e-01,3.332551594746716583e-01,2.817955112219451275e-01,3.416165315197489116e-01,5.663716814159291957e-01,4.941176470588234948e-01,4.381956649091974798e-01,5.256121587390937266e-01,4.143285208390085073e-01,5.481586402266289126e-02,3.756836348338242204e-01,5.413239719157472152e-01,6.203999999999999515e-01,7.265718862635162090e-01,8.349999999999999645e-01,6.887999999999999678e-01,4.450000000000000067e-01,3.921000000000000041e-01,5.604999999999999982e-01,7.544999999999999485e-01,8.310999999999999499e-01,1.000000000000000000e+00,8.761999999999999789e-01,7.092000000000000526e-01,7.008999999999999675e-01,5.013999999999999568e-01,3.941999999999999948e-01,4.455999999999999961e-01,4.216630423526975258e-01,8.306468944766816354e-02,1.423000000000000098e-01,4.156732663004042427e-02,3.597000000000000197e-01,6.846999999999999753e-01,7.450773928609034646e-01,3.597000000000000197e-01,6.208785634574413848e-02,3.255888996450468365e-01,4.409116175653141068e-01,4.690759155954402071e-01,3.077718867192551500e-01,2.652666838443700215e-01,3.252772249075916999e-01,2.336807460230389544e-01,2.873958710612097289e-01,5.366876310272536976e-01,5.159010600706713801e-01,1.830303030303030154e-01,2.221115537848605548e-01,1.551480959097319978e-01,1.820512820512820706e-01,5.823863636363636465e-01,3.668903803131991492e-01,1.598984771573604136e-01,2.197183098591549422e-01,2.136363636363636520e-01,3.021978021978021789e-01,1.548974943052391640e-01
2.625820568927789839e-02,3.334758443779392567e-02,3.007518796992481036e-02,9.075984990619136161e-02,1.321695760598503577e-01,3.131048914465079935e-01,3.333333333333333148e-01,2.235294117647058654e-01,1.814586994727592217e-01,1.249648184632704828e-01,1.276219013892672394e-01,1.763456090651558117e-01,2.242322254943205639e-01,1.546639919759277837e-01,1.845999999999999863e-01,1.734080897076491767e-01,1.476999999999999980e-01,1.748000000000000109e-01,1.454999999999999905e-01,1.579000000000000126e-01,2.257000000000000117e-01,1.975000000000000089e-01,3.367999999999999883e-01,5.827999999999999847e-01,8.505000000000000338e-01,1.000000000000000000e+00,8.457000000000000073e-01,6.623999999999999888e-01,5.564000000000000057e-01,3.925000000000000155e-01,3.347830589209899177e-01,2.207178164624973293e-01,1.920000000000000040e-01,2.308489685912719080e-01,3.146999999999999797e-01,2.268000000000000016e-01,8.371064546698957221e-02,7.480000000000000537e-02,1.182915694430353992e-01,2.117887490588361843e-01,2.911617565314063572e-01,3.040261945185544490e-01,2.564334669597827521e-01,1.221334707549600607e-01,1.323571225476258273e-01,1.323368074602304101e-01,6.899674031148134157e-02,1.302785265049415941e-01,1.696113074204946836e-01,6.666666666666666574e-02,7.868525896414342580e-02,1.678420310296191709e-01,1.410256410256410242e-01,9.943181818181817677e-02,8.053691275167786101e-02,1.015228426395939181e-02,5.070422535211267789e-02,1.113636363636363730e-01,6.593406593406592187e-02,3.644646924829157003e-02
2.312180889861414901e-01,4.087216759298845647e-01,4.318404707420725464e-01,3.302063789868668331e-01,4.174563591022443232e-01,4.472927020664400066e-01,1.960311075355322952e-01,3.052287581699346108e-01,3.050673696543644287e-01,4.943709541232760851e-01,2.432579678561700154e-01,9.320113314447592279e-02,7.193941943626419588e-02,3.763289869608826277e-01,5.419000000000000483e-01,5.446535843011613975e-01,5.150000000000000133e-01,4.262000000000000233e-01,2.023999999999999966e-01,4.233000000000000096e-01,7.722999999999999865e-01,9.735000000000000320e-01,9.389999999999999458e-01,5.558999999999999497e-01,5.268000000000000460e-01,6.825999999999999845e-01,5.713000000000000300e-01,5.429000000000000492e-01,2.177000000000000046e-01,2.149000000000000077e-01,6.017396707051878568e-01,6.794541156243283364e-01,2.964999999999999858e-01,1.941536228879444381e-01,2.968999999999999972e-01,5.162999999999999812e-01,6.478888069916814985e-01,4.283000000000000140e-01,5.558486354874708768e-01,6.596751640314079124e-01,5.577543079488604949e-01,2.882609750181906461e-01,2.530712530712531105e-01,2.253285235763978489e-01,1.853852715382428018e-01,8.187054306088865918e-02,2.035494386091995511e-01,3.135669362084456679e-01,2.559313478041393419e-01,1.927272727272727193e-01,1.942231075697211096e-01,2.834978843441466889e-01,6.358974358974358587e-01,3.721590909090908839e-01,1.565995525727069404e-01,3.502538071065989800e-01,2.591549295774648320e-01,3.250000000000000111e-01,9.890109890109889668e-02,2.346241457858769808e-01
3.231218088986141379e-01,1.906797776827704183e-01,7.682249101013402526e-02,2.363977485928705491e-01,5.615960099750623158e-01,6.829714883599268260e-01,5.526950925181013385e-01,3.633986928104575020e-01,2.637668424135911072e-01,4.338587109484942639e-01,5.167529283573958354e-01,7.597733711048159089e-01,8.656569906044032647e-01,7.865596790371113256e-01,8.391999999999999460e-01,9.026832198638365945e-01,1.000000000000000000e+00,8.911000000000000032e-01,8.752999999999999670e-01,7.885999999999999677e-01,7.156000000000000139e-01,7.580999999999999961e-01,6.371999999999999886e-01,3.210000000000000075e-01,2.076000000000000068e-01,2.278999999999999915e-01,3.309000000000000274e-01,2.847000000000000086e-01,1.948999999999999899e-01,1.670999999999999985e-01,1.061406233820026829e-01,1.463571889103803814e-01,2.212000000000000077e-01,1.165129055664973629e-01,1.676999999999999880e-01,1.039000000000000062e-01,2.697694008634305418e-01,2.624000000000000221e-01,2.268438673024246732e-01,1.269226632246961417e-01,1.226236798221233965e-01,3.433179723502304270e-01,3.084184663132031323e-01,3.285235763978355816e-02,2.796417401194199459e-01,2.033735600658255482e-01,7.859471206084751860e-02,1.877807726864330895e-01,2.589601211509338641e-01,5.733333333333333615e-01,2.470119521912350347e-01,3.864598025387870339e-01,5.256410256410256610e-01,4.005681818181817677e-01,4.138702460850112175e-01,1.395939086294416265e-01,1.267605633802816878e-01,2.613636363636363535e-01,4.175824175824175422e-01,2.277904328018223179e-01
1.458789204959883290e-01,1.586147926464301083e-01,1.399150049035632337e-01,4.854596622889306018e-02,2.379052369077306606e-01,2.579126340570233045e-01,4.127111826226870783e-01,3.488017429193899233e-01,4.553309900410076327e-01,2.970728961441035931e-01,2.191500953418686892e-01,2.240793201133144674e-01,3.138409760201935628e-01,6.469408224674022545e-02,6.600000000000000311e-02,2.275730877052462853e-01,3.099999999999999978e-01,2.998999999999999999e-01,5.078000000000000291e-01,4.797000000000000153e-01,5.783000000000000362e-01,5.070999999999999952e-01,4.328000000000000180e-01,5.550000000000000488e-01,6.711000000000000298e-01,6.414999999999999591e-01,7.104000000000000314e-01,8.080000000000000515e-01,6.791000000000000369e-01,3.856999999999999873e-01,1.353422387905146573e-01,2.798194713088330565e-01,5.120999999999999996e-01,7.823157458277184562e-01,8.537000000000000144e-01,8.507000000000000117e-01,7.046435716542066574e-01,6.097000000000000197e-01,5.014710358121132749e-01,2.951489727869204827e-01,5.669816564758198979e-02,3.436817851079311259e-01,3.653174705806284672e-01,5.483122906467404745e-01,3.754620415126528332e-01,1.900713110257817029e-01,1.903295907279971000e-01,4.022162324049116666e-01,1.933366986370519958e-01,3.927272727272727026e-01,2.310756972111553675e-01,3.808180535966149138e-02,1.666666666666666574e-01,4.517045454545454697e-01,1.610738255033557220e-01,4.238578680203045623e-01,5.070422535211267512e-01,1.909090909090909172e-01,2.472527472527472348e-01,7.289293849658314006e-02
1.101385849744711959e-01,1.368106028217186965e-01,1.958156260215756783e-01,2.462476547842401275e-01,2.900249376558603487e-01,4.535704943761444397e-01,4.502547599892732233e-01,2.437908496732026087e-01,1.301991798476860029e-01,1.695750070363073458e-01,1.153636611277581020e-01,2.150141643059489960e-01,3.232365727106997766e-01,2.801404212637913504e-01,3.403999999999999804e-01,4.532438926712054061e-01,6.949999999999999512e-01,8.807000000000000384e-01,9.153999999999999915e-01,7.541999999999999815e-01,6.735999999999999766e-01,7.146000000000000130e-01,8.335000000000000187e-01,7.701000000000000068e-01,6.993000000000000327e-01,6.542999999999999927e-01,5.040000000000000036e-01,4.925999999999999823e-01,4.991999999999999771e-01,4.161000000000000254e-01,1.688930309619964820e-01,4.341285192349021715e-02,6.370000000000000662e-02,3.070384575515704428e-01,3.608999999999999986e-01,1.865999999999999881e-01,5.012109087080131309e-02,1.496999999999999997e-01,2.439890433194683850e-01,2.129719264278799873e-01,3.529738743746526075e-01,2.885035168566577601e-01,2.219061166429587562e-01,2.008502963153826482e-01,2.212112595962467676e-01,5.787164015359298058e-02,8.927924664976456814e-02,1.425576519916142704e-01,1.105502271580010021e-01,7.151515151515150381e-02,8.565737051792828016e-02,8.603667136812412353e-02,3.846153846153846367e-02,2.386363636363636187e-01,2.863534675615213021e-01,1.370558375634517989e-01,3.098591549295775030e-02,4.318181818181818232e-02,6.318681318681318437e-02,1.412300683371298382e-01
1.196207148067104375e-01,2.680632749038050489e-01,2.412553121935273048e-01,1.425891181988742928e-01,5.810473815461346392e-02,2.741302641904264092e-01,3.588093322606596969e-01,1.403050108932461792e-01,2.229056824838898665e-01,1.097663945961159515e-01,2.439389812040316241e-01,3.797450424929178503e-01,2.507362221287336990e-01,1.042126379137412323e-01,1.980000000000000093e-01,3.237885462555066263e-01,3.748000000000000220e-01,2.585999999999999965e-01,3.679999999999999938e-01,3.508000000000000007e-01,5.605999999999999872e-01,5.231000000000000094e-01,5.469000000000000528e-01,6.954000000000000181e-01,6.351999999999999869e-01,6.756999999999999673e-01,8.498999999999999888e-01,8.024999999999999911e-01,6.562999999999999945e-01,8.590999999999999748e-01,6.891374132753442794e-01,5.769396088545025725e-01,3.118000000000000216e-01,3.900694516429978331e-01,2.801000000000000156e-01,8.749999999999999445e-02,3.494787827735074126e-01,4.237000000000000210e-01,1.827127929390281180e-01,4.026029902118963277e-01,5.143968871595331338e-01,1.957312636429784092e-01,3.225139014612699029e-01,4.125225457356351266e-01,3.220073926642024187e-01,1.571585298957761945e-01,8.620065193770373724e-02,2.824198861934710814e-01,4.159515396264513165e-01,2.072727272727272751e-01,2.430278884462151456e-01,3.638928067700987201e-01,3.666666666666666963e-01,6.420454545454544748e-01,4.183445190156599991e-01,4.695431472081218471e-01,3.098591549295774961e-01,2.136363636363636520e-01,2.142857142857142738e-01,2.551252847380409694e-01
3.121808898614150118e-01,2.372808892689183546e-01,2.314481856815952809e-01,1.449343339587242097e-01,3.029925187032418976e-01,3.986398116662307478e-01,4.137838562617323634e-01,8.518518518518518323e-02,8.933801991798477615e-02,1.590205460174500332e-02,1.709343503132661479e-01,3.502832861189801861e-01,4.222409199270789615e-01,3.758274824473419873e-01,4.520000000000000129e-01,5.398478173808570757e-01,6.588000000000000522e-01,7.113000000000000433e-01,7.601999999999999869e-01,8.671999999999999709e-01,8.416000000000000147e-01,7.973999999999999977e-01,8.385000000000000231e-01,9.316999999999999726e-01,8.555000000000000382e-01,6.161999999999999700e-01,4.138999999999999901e-01,3.269000000000000239e-01,3.108000000000000207e-01,2.554000000000000159e-01,3.486590038314176243e-01,4.797979797979798344e-01,5.000000000000000000e-01,5.298020109878718298e-01,5.193999999999999728e-01,4.618999999999999773e-01,4.458249973675897926e-01,4.371999999999999775e-01,4.339048392005681598e-01,4.768204797246424209e-01,4.113396331295164354e-01,4.031045355323792934e-01,3.315660157765421001e-01,3.255604225715021394e-01,3.038100653966448461e-01,2.453373560065825743e-01,1.829047446577327096e-01,1.581311769991015359e-01,2.286723876829883928e-01,1.430303030303030076e-01,8.964143426294819694e-03,2.002820874471085977e-01,4.589743589743589536e-01,2.244318181818181768e-01,1.342281879194630878e-01,3.324873096446701037e-01,2.507042253521126751e-01,1.909090909090909172e-01,3.104395604395603914e-01,1.116173120728929241e-01
2.137126185266229050e-01,1.616075245831551932e-01,8.401438378555083075e-02,1.454033771106941729e-02,3.241895261845386539e-02,1.600837038974627369e-01,2.400107267363904284e-01,2.411764705882352977e-01,1.425014645577035721e-01,1.056853363354911396e-01,7.191500953418687725e-02,1.712464589235127566e-01,2.472304024680970769e-01,2.045135406218656082e-01,2.726999999999999980e-01,2.323788546255506626e-01,2.676000000000000045e-01,2.933999999999999941e-01,3.295000000000000151e-01,4.909999999999999920e-01,5.402000000000000135e-01,6.257000000000000339e-01,6.825999999999999845e-01,7.527000000000000357e-01,8.504000000000000448e-01,8.938000000000000389e-01,9.928000000000000158e-01,9.133999999999999897e-01,7.079999999999999627e-01,6.318000000000000282e-01,6.343584964274620042e-01,4.983881366860090090e-01,2.797000000000000042e-01,1.783974292526173955e-01,1.665000000000000091e-01,2.560999999999999943e-01,2.879856796883226711e-01,3.209000000000000186e-01,2.763518311859591847e-01,2.022157685274819927e-01,1.725403001667593361e-01,3.058452583070579434e-01,2.742790637527479647e-01,2.320278278794125348e-01,2.094114301961899072e-01,9.339001645639055660e-02,1.975733429916696759e-01,2.752321054207846895e-01,2.004038364462392696e-01,1.127272727272727176e-01,7.569721115537848821e-02,9.167842031029618810e-02,1.846153846153845979e-01,3.068181818181818232e-01,1.140939597315436399e-01,2.588832487309645214e-01,1.154929577464788998e-01,1.250000000000000000e-01,1.373626373626373465e-01,1.981776765375853899e-01
3.836615609044493058e-01,2.407011543394613207e-01,3.984962406015037373e-01,2.828330206378986689e-01,6.134663341645885115e-02,2.673293225215799263e-01,1.445427728613569440e-01,9.564270152505446876e-02,3.355301698886936079e-01,2.296650717703349331e-01,3.464995913919913240e-01,3.975920679886685849e-01,4.222409199270789615e-01,3.371113340020060467e-01,3.024000000000000021e-01,2.287745294353223935e-01,2.909999999999999809e-01,1.315999999999999948e-01,1.150999999999999940e-01,3.403999999999999804e-01,5.562000000000000277e-01,6.379000000000000226e-01,6.552999999999999936e-01,7.383999999999999453e-01,6.533999999999999808e-01,5.423000000000000043e-01,6.876999999999999780e-01,7.325000000000000400e-01,7.725999999999999535e-01,8.228999999999999648e-01,9.099099099099099419e-01,9.787234042553192293e-01,6.704999999999999849e-01,6.314916554369233159e-01,7.504999999999999449e-01,4.774999999999999800e-01,1.754238180478045750e-01,3.749000000000000110e-01,3.830780156234148137e-01,2.265246853823814355e-01,6.543635352973874442e-01,6.825127334465195261e-01,3.332471227208069209e-01,6.757279051790775481e-01,8.741825419391526797e-01,7.025507405375753800e-01,6.130025353132922961e-01,4.489368074273735187e-01,2.756183745583039024e-01,3.272727272727272707e-01,3.784860557768924272e-01,4.781382228490831943e-01,3.820512820512820262e-01,9.517045454545454142e-01,8.411633109619687243e-01,4.416243654822334941e-01,3.718309859154929620e-01,2.340909090909090995e-01,1.000000000000000000e+00,4.738041002277904035e-01
4.369073668854850379e-01,2.026507054296707855e-01,1.627983000980712525e-01,9.075984990619136161e-02,2.558603491271820296e-01,2.021972273083965377e-01,2.287476535264145738e-01,9.738562091503266682e-02,1.602226127709431847e-01,4.939487756825217818e-02,2.154726232634159855e-01,2.865439093484419275e-01,3.180479596129575093e-01,2.837512537612838504e-01,3.819000000000000172e-01,4.670604725670804980e-01,6.686999999999999611e-01,8.647000000000000242e-01,9.361000000000000432e-01,9.366999999999999771e-01,9.143999999999999906e-01,9.162000000000000144e-01,9.311000000000000387e-01,8.604000000000000536e-01,7.327000000000000179e-01,5.763000000000000345e-01,4.162000000000000144e-01,4.112999999999999989e-01,4.146000000000000241e-01,3.149000000000000132e-01,3.040281660971316247e-01,3.405329894691597192e-01,3.149000000000000132e-01,4.283196848761273157e-01,3.993999999999999773e-01,4.194999999999999840e-01,4.772033273665368114e-01,4.419000000000000150e-01,4.805721822055392112e-01,3.690437775626546624e-01,3.550861589772095761e-01,4.086829978171234723e-01,3.223845855424802842e-01,3.414068539036331229e-01,2.485072504975831820e-01,1.278113000548546374e-01,9.597971749366171479e-02,2.425876010781671116e-02,1.726400807672892612e-01,1.660606060606060475e-01,2.788844621513944175e-02,1.833568406205923762e-02,1.282051282051282007e-02,6.448863636363636465e-01,4.675615212527964304e-01,2.055837563451776706e-01,3.295774647887324549e-01,2.590909090909090939e-01,3.076923076923076539e-01,2.277904328018223179e-01
1.539022611232676863e-01,5.472424112868747720e-02,4.903563255966002406e-03,1.055347091932457709e-01,1.773067331670822866e-01,4.088412241695004168e-01,4.070796460176990816e-01,2.627450980392156965e-01,2.439953134153485803e-01,1.892766676048409924e-01,1.069190956142740401e-01,5.198300283286119705e-02,1.720656289440471443e-01,2.621865596790371455e-01,4.279999999999999916e-01,6.129355226271525625e-01,7.435000000000000497e-01,8.129999999999999449e-01,9.005999999999999561e-01,9.603000000000000425e-01,9.162000000000000144e-01,9.140000000000000346e-01,7.851000000000000201e-01,5.133999999999999675e-01,3.438999999999999835e-01,3.290000000000000147e-01,2.570999999999999952e-01,3.684999999999999942e-01,5.765000000000000124e-01,6.189999999999999947e-01,4.776845811328570002e-01,3.884590586718246197e-01,4.434000000000000163e-01,4.005390276769980606e-01,3.093000000000000194e-01,2.137999999999999901e-01,1.170896072443929625e-01,1.386000000000000010e-01,1.545094856447194742e-01,1.071313326879638622e-01,1.827682045580878156e-01,2.306572883822459452e-01,1.697918013707487295e-01,2.288070085029631773e-01,2.843332385555871755e-01,1.049094898518924956e-01,1.316551973922491792e-01,2.243186582809224283e-01,2.266532054517920447e-01,1.624242424242424154e-01,1.733067729083665187e-01,1.650211565585331386e-01,5.897435897435897301e-02,1.335227272727272652e-01,1.096196868008948583e-01,7.868020304568527912e-02,6.760563380281689461e-02,8.863636363636363813e-02,1.401098901098901117e-01,3.416856492027334907e-02
1.181619256017505393e-01,1.752885848653270781e-02,7.813010787839162752e-02,1.034240150093808652e-01,1.571072319201994860e-01,2.409102798849071525e-01,3.668543845534996128e-01,2.348583877995642777e-01,2.272993555946104527e-01,2.503518153672952273e-01,2.947425769545083396e-01,3.637393767705382475e-01,4.331790772682653778e-01,3.840521564694082679e-01,4.393000000000000238e-01,5.341409691629955825e-01,5.996000000000000218e-01,6.727999999999999536e-01,7.308999999999999941e-01,8.092000000000000304e-01,8.941000000000000059e-01,9.667999999999999927e-01,1.000000000000000000e+00,9.892999999999999572e-01,9.375999999999999890e-01,8.991000000000000103e-01,9.183999999999999941e-01,9.127999999999999448e-01,7.811000000000000165e-01,6.018000000000000016e-01,3.898726312519416037e-01,3.546099290780141966e-01,2.280000000000000082e-01,2.197574375453508963e-02,1.116999999999999937e-01,1.787999999999999867e-01,2.498683794882594622e-01,2.842999999999999972e-01,2.273511210307395669e-01,2.920296869958051156e-01,3.738743746525847733e-01,3.087557603686635899e-01,2.414328203801888173e-01,2.782787941252254371e-01,1.816889394370201638e-01,1.053208996160175520e-01,1.937703730532415736e-01,2.833183587900569567e-01,3.210499747602221232e-01,2.751515151515151469e-01,1.274900398406374480e-01,2.440056417489421536e-01,3.461538461538461453e-01,3.238636363636363535e-01,1.387024608501118694e-01,3.984771573604060646e-01,2.478873239436620024e-01,8.181818181818181768e-02,1.456043956043955867e-01,6.833712984054669815e-02
1.466083150984682781e-01,7.610089781958101485e-02,8.957175547564563689e-02,5.440900562851781752e-02,1.805486284289276877e-01,2.178917080826576202e-01,3.303834808259586975e-01,2.827886710239651546e-01,3.053602811950790752e-01,3.827751196172248793e-01,2.980114410242440948e-01,4.301699716713881516e-01,4.149488150329547209e-01,2.065195586760280866e-01,9.059999999999999998e-02,1.611934321185422569e-01,1.799999999999999933e-01,2.179999999999999993e-01,2.026000000000000023e-01,1.506000000000000116e-01,5.210000000000000048e-02,2.142999999999999905e-01,4.333000000000000185e-01,5.943000000000000504e-01,6.925999999999999934e-01,7.576000000000000512e-01,8.787000000000000366e-01,9.060000000000000275e-01,8.528000000000000025e-01,9.086999999999999522e-01,1.000000000000000000e+00,1.000000000000000000e+00,7.773999999999999799e-01,6.886078573649839774e-01,6.603999999999999870e-01,6.884000000000000119e-01,7.305464883647467822e-01,5.931999999999999496e-01,5.857766054580501036e-01,6.693557061417660936e-01,6.493607559755419922e-01,5.489934513703613739e-01,6.350704771757402778e-01,7.423344498840505068e-01,7.126812624395790774e-01,5.543060888645090500e-01,5.655559579862369235e-01,6.684636118598383803e-01,5.477031802120141402e-01,5.018181818181818299e-01,2.519920318725099584e-01,1.847672778561353923e-01,1.256410256410256387e-01,2.954545454545454142e-01,2.281879194630872798e-01,2.335025380710659959e-01,2.338028169014084723e-01,4.545454545454545581e-02,1.318681318681318437e-01,8.200455580865603777e-02
1.466083150984682781e-01,4.959384352287302122e-02,4.020921869892121747e-02,5.745778611632270522e-02,1.364089775561097007e-01,5.440753335077164882e-02,2.389380530973451155e-01,1.821350762527232936e-01,1.955184534270650587e-01,1.687306501547987669e-01,2.372650503949877421e-01,1.964589235127478795e-01,2.863553498808021347e-01,2.587763289869609018e-01,2.615999999999999992e-01,2.099519423307969479e-01,2.531999999999999806e-01,3.212999999999999745e-01,4.326999999999999735e-01,4.759999999999999787e-01,5.328000000000000513e-01,6.057000000000000162e-01,6.695999999999999730e-01,7.476000000000000423e-01,8.930000000000000160e-01,9.405000000000000027e-01,1.000000000000000000e+00,9.785000000000000364e-01,8.473000000000000531e-01,7.639000000000000234e-01,6.939007973490732839e-01,5.361057382333977994e-01,3.718000000000000194e-01,2.276355343630143968e-01,1.416000000000000036e-01,2.680000000000000160e-01,2.769295567021164972e-01,3.104000000000000092e-01,3.441209292888302573e-01,2.283532322254490654e-01,1.300722623679822221e-01,3.219742905651225007e-01,2.848829690934954195e-01,1.985313063643390774e-01,2.081319306226897814e-01,1.431705979155238895e-01,2.218399130749728332e-01,2.231206948188080297e-01,2.473498233215547792e-01,2.715151515151514872e-01,3.187250996015936200e-02,1.071932299012693796e-01,1.153846153846153771e-01,1.590909090909090884e-01,1.677852348993288667e-01,9.390862944162436943e-02,1.267605633802816878e-01,6.590909090909090329e-02,2.197802197802197627e-02,4.100227790432801889e-02
9.773887673231218542e-02,7.353569901667379727e-02,5.818895063746322427e-02,8.513133208255159456e-02,1.107231920199501229e-01,1.946115616008370353e-01,2.145347278090641019e-01,9.934640522875816393e-02,5.389572349150556496e-02,1.759076836476217154e-01,3.275674203214383184e-01,3.293201133144476045e-01,3.538073201514514432e-01,1.476429287863590678e-01,6.690000000000000113e-02,1.101321585903083655e-01,2.353000000000000091e-01,3.281999999999999917e-01,4.415999999999999925e-01,5.167000000000000481e-01,6.508000000000000451e-01,7.792999999999999927e-01,7.977999999999999536e-01,7.785999999999999588e-01,8.587000000000000188e-01,9.321000000000000396e-01,9.454000000000000181e-01,8.645000000000000462e-01,7.219999999999999751e-01,4.849999999999999867e-01,1.405198301750025802e-01,3.171072426391575161e-01,4.714999999999999747e-01,6.256867419923292095e-01,8.083000000000000185e-01,9.869999999999999885e-01,9.266084026534695539e-01,6.411000000000000032e-01,4.338033884549051256e-01,2.906313864687533610e-01,2.937187326292384770e-01,4.052874120785835421e-01,5.605845079529290231e-01,5.851584643133213026e-01,5.629798123400625576e-01,3.462698848052660483e-01,1.963056863455269752e-01,1.114106019766397115e-01,1.443715295305401380e-01,1.200000000000000094e-01,4.581673306772908461e-02,1.325811001410437118e-01,1.230769230769230699e-01,1.335227272727272652e-01,3.579418344519016276e-02,2.030456852791878361e-02,1.183098591549295864e-01,5.454545454545454281e-02,7.417582417582417598e-02,9.339407744874715644e-02
6.272793581327498758e-02,9.191962377084222924e-02,7.911082052958483268e-02,1.043621013133208264e-01,1.663341645885286491e-01,2.016740779492545432e-01,1.338160364709037320e-01,1.973856209150326724e-01,1.799941417691857115e-01,1.667604840979453884e-01,1.055570689185508088e-01,1.559490084985835912e-01,1.461225634553358632e-01,8.555667001003008920e-02,4.560000000000000164e-02,1.305566680016018999e-01,2.690000000000000169e-01,2.947000000000000175e-01,3.669000000000000039e-01,4.948000000000000176e-01,6.274999999999999467e-01,8.162000000000000366e-01,9.236999999999999655e-01,8.709999999999999964e-01,8.052000000000000268e-01,8.756000000000000449e-01,1.000000000000000000e+00,9.858000000000000096e-01,9.426999999999999824e-01,8.114000000000000101e-01,7.235166200683441629e-01,7.317859445519020456e-01,6.591000000000000192e-01,7.208458588162123259e-01,7.289999999999999813e-01,6.680000000000000382e-01,6.230388543750657870e-01,4.899000000000000021e-01,3.488891143349903134e-01,2.544906959234161659e-01,1.907726514730405942e-01,1.228474411836041752e-01,9.905599379283590300e-02,1.088636949239886742e-01,3.696332101222632449e-02,4.566648381788261657e-02,3.712423035132198651e-02,9.254267744833782894e-02,5.098435133770822664e-02,1.151515151515151436e-01,4.681274900398406380e-02,1.015514809590973150e-01,1.384615384615384692e-01,6.250000000000000000e-02,3.579418344519016276e-02,7.360406091370558235e-02,1.633802816901408494e-01,1.136363636363636465e-01,6.593406593406592187e-02,6.833712984054669815e-02
8.460977388767322582e-02,7.652843095339888213e-02,1.467799934619156699e-01,2.570356472795497504e-01,4.770573566084787553e-01,2.416950039236201997e-01,2.040761598283722111e-01,2.379084967320261590e-01,1.108670181605155292e-01,1.415705037996059512e-01,3.405066739308090784e-01,5.648725212464589251e-01,5.341466834946011488e-01,4.767301905717151733e-01,6.165000000000000480e-01,6.471766119343211887e-01,8.024000000000000021e-01,9.207999999999999519e-01,9.831999999999999629e-01,9.634000000000000341e-01,8.646000000000000352e-01,8.325000000000000178e-01,8.276000000000000023e-01,8.006999999999999673e-01,6.101999999999999647e-01,4.853000000000000091e-01,4.354999999999999982e-01,4.307000000000000273e-01,4.399000000000000132e-01,3.832999999999999741e-01,3.139691415553484966e-01,3.261336771975069659e-01,3.196999999999999842e-01,2.375868145537472775e-01,2.131000000000000116e-01,2.346999999999999920e-01,3.370538064651995569e-01,4.455000000000000071e-01,3.708024753981941646e-01,2.920296869958051156e-01,1.942190105614230167e-01,2.159835071549842389e-01,2.843657054183370003e-01,1.360474104612213464e-01,8.146147284617570594e-02,4.210093252879868603e-02,4.291923216226004728e-02,1.407607067984426585e-01,5.148914689550732060e-02,6.909090909090909172e-02,3.087649402390437933e-02,2.299012693935119644e-01,2.538461538461538880e-01,2.386363636363636187e-01,6.040268456375839090e-01,7.030456852791878708e-01,2.732394366197183344e-01,1.227272727272727404e-01,4.065934065934065922e-01,2.095671981776765225e-01
7.060539752005835501e-01,3.510047028644720513e-01,2.056227525335076745e-01,1.425891181988742928e-01,1.538653366583541127e-01,3.157206382422181878e-01,2.531509788146956152e-01,9.200435729847494803e-01,8.412419449326303811e-01,7.071488882634392459e-01,4.750749114682648044e-01,2.407932011331445077e-01,2.911232646192680185e-01,3.096288866599798961e-01,4.223999999999999977e-01,5.318382058470164653e-01,2.436000000000000110e-01,1.884000000000000119e-01,1.907999999999999974e-01,8.320999999999999508e-01,1.000000000000000000e+00,4.076000000000000179e-01,9.600000000000000200e-02,1.927999999999999992e-01,2.419000000000000039e-01,3.790000000000000036e-01,2.893000000000000016e-01,3.451000000000000179e-01,3.776999999999999802e-01,5.212999999999999856e-01,2.398260329294812088e-01,3.583709434773265090e-01,4.781000000000000250e-01,6.339794754846066471e-01,6.704999999999999849e-01,7.375000000000000444e-01,7.745603874907865949e-01,7.792000000000000037e-01,6.886476615603124296e-01,5.656663439819297201e-01,3.070594774874930710e-01,1.873635702158622240e-01,2.610888400362084694e-01,2.874259211543416792e-01,6.000852999715665659e-01,4.205979155238617762e-01,2.406736689605215307e-01,4.040131775980832507e-01,5.335689045936395924e-01,6.048484848484848575e-01,2.051792828685258807e-01,1.029619181946403311e-01,2.076923076923076761e-01,8.607954545454544748e-01,4.250559284116331438e-01,5.380710659898477743e-01,3.549295774647887591e-01,4.568181818181818454e-01,5.769230769230769829e-01,9.339407744874715644e-02
1.670313639679066320e-01,1.577597263787943738e-01,1.307616868257600526e-02,8.794559099437147809e-02,1.134663341645885254e-01,3.798064347371174487e-01,5.929203539823008073e-01,2.588235294117646745e-01,1.098418277680140581e-01,2.295243456234168089e-01,3.689730318714246615e-01,4.756373937677053632e-01,5.736923292665825347e-01,4.413239719157472374e-01,5.484999999999999876e-01,7.221665999199039510e-01,8.136999999999999789e-01,9.184999999999999831e-01,1.000000000000000000e+00,9.417999999999999705e-01,9.115999999999999659e-01,9.348999999999999533e-01,7.483999999999999542e-01,5.145999999999999464e-01,4.106000000000000205e-01,3.442999999999999949e-01,6.981000000000000538e-01,8.712999999999999634e-01,9.012999999999999901e-01,8.014000000000000012e-01,4.535570052811432329e-01,1.417365140769396015e-01,1.708999999999999964e-01,2.574893749352130112e-01,3.044000000000000039e-01,2.311999999999999889e-01,1.408865957670843438e-01,2.056000000000000050e-01,2.509891447702140566e-01,3.000968054211036184e-01,1.789883268482490297e-01,6.791171477079796168e-03,4.538988749515065341e-02,1.479000257665550044e-01,1.892237702587432346e-01,3.784969829950630971e-02,1.381745744295545253e-01,1.889787361485474881e-01,1.559818273599192229e-01,2.909090909090908950e-01,1.145418326693227046e-01,9.026798307475317196e-02,5.641025641025641107e-02,3.465909090909091161e-01,3.378076062639821520e-01,1.421319796954314818e-01,7.323943661971830943e-02,6.590909090909090329e-02,2.857142857142856984e-01,3.712984054669703493e-01
1.422319474835886111e-01,9.106455750320649467e-02,1.896044458973520502e-02,4.455909943714821825e-02,7.955112219451371258e-02,1.493591420350510179e-01,2.692410834003754472e-01,1.455337690631808290e-01,1.012009373169302784e-01,3.405572755417956426e-02,9.915554344865160075e-02,9.050991501416430496e-02,4.209788248492498108e-01,3.865596790371113589e-01,4.767000000000000126e-01,4.607529034841810200e-01,3.175000000000000044e-01,4.159999999999999809e-01,6.428000000000000380e-01,1.000000000000000000e+00,8.630999999999999783e-01,5.211999999999999966e-01,3.155999999999999917e-01,5.951999999999999513e-01,7.731999999999999984e-01,6.041999999999999593e-01,4.375000000000000000e-01,5.486999999999999655e-01,4.719999999999999751e-01,6.235000000000000542e-01,3.987780884332608466e-01,1.708575112830432174e-01,3.891000000000000014e-01,5.487716388514564114e-01,3.503999999999999893e-01,4.480000000000000093e-01,4.255027903548489476e-01,5.030999999999999917e-01,6.568935781677994745e-01,5.908357534688609691e-01,3.944413563090606312e-01,2.459374242056754922e-01,2.433725591620328477e-01,1.088636949239886742e-01,1.869491043502985450e-01,2.180471749862863684e-01,1.017747193045997756e-01,1.847858640311470513e-01,1.731448763250883205e-01,4.484848484848484307e-01,2.599601593625497920e-01,2.214386459802538398e-01,1.897435897435897634e-01,7.698863636363635354e-01,4.541387024608501410e-01,2.258883248730964577e-01,2.676056338028169335e-01,2.159090909090909116e-01,5.769230769230768857e-02,1.207289293849658218e-01
1.611962071480671221e-01,2.778965369816160588e-02,5.361229159856162330e-02,1.142120075046904326e-01,1.294264339152119692e-01,2.220769029557939089e-01,2.177527487262000405e-01,3.993464052287581389e-01,3.263034563561804657e-01,2.547143259217562461e-01,3.471806047398529604e-01,4.226628895184136314e-01,3.679708315804235408e-01,1.898696088264794357e-01,6.679999999999999827e-02,2.669203043652382812e-01,4.274000000000000021e-01,6.290999999999999925e-01,7.782000000000000028e-01,7.685999999999999499e-01,8.098999999999999533e-01,8.493000000000000549e-01,9.439999999999999503e-01,9.449999999999999512e-01,9.655000000000000249e-01,8.044999999999999929e-01,4.969000000000000083e-01,3.960000000000000187e-01,3.855999999999999983e-01,5.574000000000000066e-01,7.568603085844465284e-01,9.186546314205888963e-01,9.425000000000000044e-01,9.045299056701565643e-01,6.673000000000000043e-01,4.693999999999999839e-01,1.627882489207117811e-01,1.748000000000000109e-01,3.659328396063711297e-01,5.601807034527267470e-01,5.755419677598666572e-01,4.489449430026679067e-01,2.896676580887107555e-01,1.051275444473074028e-01,5.615581461472846092e-02,1.076522216127262788e-01,1.905106845345889144e-01,3.096735549565738377e-01,3.856638061585057620e-01,2.618181818181818388e-01,1.663346613545816643e-01,1.255289139633286311e-01,1.307692307692307765e-01,4.261363636363636048e-02,1.677852348993288667e-01,1.472081218274111647e-01,4.507042253521127695e-02,1.590909090909091161e-01,2.032967032967032961e-01,8.656036446469247969e-02
1.196207148067104375e-01,7.396323215049166455e-02,1.134357633213468469e-01,1.641651031894934484e-02,4.663341645885286935e-02,1.755166099921527945e-01,2.831858407079645978e-01,1.518518518518518490e-01,1.408904510837727109e-01,3.532226287644244650e-02,1.090983383274312241e-01,1.495750708215297653e-01,1.775347076146402969e-01,8.926780341023068943e-02,1.980000000000000163e-02,1.134361233480176145e-01,2.826000000000000179e-01,3.234000000000000208e-01,3.237999999999999767e-01,4.333000000000000185e-01,6.068000000000000060e-01,7.651999999999999913e-01,9.203000000000000069e-01,9.718999999999999861e-01,9.206999999999999629e-01,7.544999999999999485e-01,8.288999999999999702e-01,8.907000000000000473e-01,7.308999999999999941e-01,6.895999999999999908e-01,6.036036036036035446e-01,5.303030303030302761e-01,3.100999999999999868e-01,3.171970560796102262e-02,2.440000000000000155e-02,1.107999999999999957e-01,1.678424765715489098e-01,1.370999999999999996e-01,7.060971898143450498e-02,4.861783370979885777e-02,6.892718176764869864e-02,1.723259762308998466e-01,2.065175223069959931e-01,1.783045606802370342e-01,5.288598237133920049e-02,9.434997257268239179e-02,1.570083303151032228e-01,1.536388140161725202e-01,4.644119131751640872e-02,2.400000000000000189e-01,1.175298804780876422e-01,1.269393511988716194e-01,5.717948717948717618e-01,5.085227272727271819e-01,1.879194630872483285e-01,1.725888324873096347e-01,9.014084507042255390e-02,7.954545454545455807e-02,1.538461538461538269e-01,9.111617312072892161e-02
2.873814733770970187e-01,1.795639162035057856e-01,1.457992808107224647e-01,1.292213883677298392e-01,1.488778054862842926e-01,3.703897462725608269e-01,2.563689997318315816e-01,1.747276688453158755e-01,2.369654364381956757e-01,3.599774838164931379e-01,4.192318169436121678e-01,4.821529745042492654e-01,4.767914738465853786e-01,3.962888665997993942e-01,3.351999999999999980e-01,2.254705646776131445e-01,2.086000000000000076e-01,2.247999999999999998e-01,3.382000000000000006e-01,4.577999999999999847e-01,6.473999999999999755e-01,6.707999999999999519e-01,7.006999999999999895e-01,7.619000000000000217e-01,7.744999999999999662e-01,6.766999999999999682e-01,7.372999999999999554e-01,7.833999999999999853e-01,9.618999999999999773e-01,1.000000000000000000e+00,8.373200786993890699e-01,5.972490866107886820e-01,5.409000000000000474e-01,5.170519332434954096e-01,3.108000000000000207e-01,2.897000000000000131e-01,2.362851426766347240e-01,9.600000000000000200e-02,2.320178553312366720e-01,3.472087770248467042e-01,3.839911061700945205e-01,4.707737084647101722e-01,4.189835768783137238e-01,1.192991497036846177e-01,1.667614444128518447e-01,7.761930883159627592e-02,1.387178558493299407e-01,2.902066486972147419e-01,2.968197879858657240e-01,6.060606060606060774e-02,1.175298804780876422e-01,2.059238363892806623e-01,1.025641025641025605e-01,3.238636363636363535e-01,7.158836689038032552e-02,1.573604060913705582e-01,2.845070422535211363e-01,1.545454545454545414e-01,1.456043956043955867e-01,1.981776765375853899e-01
4.281546316557257592e-01,5.173150919196237707e-01,4.145145472376593476e-01,3.513133208255159179e-01,3.581047381546134667e-01,1.467433952393408236e-01,2.231161169214266327e-01,1.464052287581699141e-01,2.009373169302870465e-01,3.309878975513650401e-01,4.369381639880141610e-01,6.029745042492918872e-01,7.293507221988501099e-01,4.928786359077231838e-01,5.949999999999999734e-01,7.229675610732878566e-01,9.039000000000000368e-01,9.111000000000000210e-01,8.722999999999999643e-01,7.685999999999999499e-01,7.326000000000000290e-01,5.221999999999999975e-01,3.096999999999999753e-01,3.171999999999999820e-01,2.270000000000000073e-01,1.640000000000000069e-01,1.746000000000000052e-01,1.834999999999999964e-01,2.048000000000000098e-01,1.673999999999999932e-01,2.865279072175623831e-01,3.335482484418654803e-01,3.398999999999999799e-01,4.603503679900486922e-01,5.046000000000000485e-01,2.813999999999999835e-01,1.770032641886911673e-01,2.632999999999999785e-01,3.244394846302119939e-01,2.079165322146929173e-01,1.038354641467481992e-01,5.372301722047052863e-02,1.008664166558903424e-01,9.301726359185777393e-02,5.757748080750639541e-02,7.583653318705431412e-02,1.957624049257515320e-01,3.411200958370769754e-01,3.871781928319030786e-01,3.212121212121211711e-01,2.141434262948206935e-01,4.668547249647390096e-01,2.846153846153846034e-01,2.500000000000000000e-01,3.534675615212528599e-01,3.096446700507614613e-01,1.070422535211267706e-01,2.295454545454545525e-01,6.263736263736263687e-01,2.824601366742596764e-01
1.845368344274252448e-01,3.454467721248396517e-01,1.657404380516508680e-01,5.722326454033771492e-02,4.299251870324189428e-01,1.000000000000000000e+00,1.000000000000000000e+00,7.806100217864923030e-01,5.021968365553602931e-01,3.091753447790599463e-01,3.613456823753745661e-01,4.565155807365439133e-01,7.827794138269528190e-01,6.936810431293881640e-01,7.943000000000000060e-01,7.160592711253503939e-01,3.512000000000000122e-01,2.008000000000000063e-01,2.676000000000000045e-01,4.299000000000000044e-01,5.280000000000000249e-01,3.488999999999999879e-01,1.429999999999999882e-01,5.453000000000000069e-01,6.338000000000000300e-01,7.711999999999999966e-01,6.837999999999999634e-01,8.014999999999999902e-01,8.073000000000000176e-01,8.309999999999999609e-01,8.068758413586000211e-01,5.425531914893617635e-01,1.413000000000000089e-01,2.868249196641443066e-01,5.083999999999999631e-01,4.787000000000000144e-01,1.427819311361482602e-01,2.298999999999999932e-01,2.829461296540529136e-01,4.122835323222544535e-01,3.260700389105058439e-01,1.400679117147708153e-01,2.204836415362731450e-01,1.667096109250193192e-01,1.292294569235143409e-01,1.097092704333516300e-01,1.026801883375588476e-01,5.929919137466307943e-02,5.754669358909642041e-02,1.830303030303030154e-01,8.466135458167331485e-02,2.510578279266572621e-01,1.871794871794871806e-01,2.244318181818181768e-01,8.501118568232662875e-02,2.944162436548223294e-01,9.295774647887324049e-02,8.863636363636363813e-02,2.225274725274725141e-01,1.207289293849658218e-01
3.807439824945295648e-01,1.868319794784095988e-01,5.884275907159201846e-02,6.848030018761726290e-02,8.753117206982542753e-02,3.063039497776615105e-01,3.370876910699919793e-01,2.566448801742919339e-01,1.842413591095489189e-01,3.558964255558683121e-01,3.699264505584309859e-01,3.362606232294617636e-01,2.633571729070256495e-01,9.859578736208625405e-02,6.829999999999999960e-02,1.504805766920304100e-01,1.723000000000000087e-01,2.338999999999999968e-01,1.962000000000000133e-01,1.395000000000000129e-01,3.164000000000000146e-01,5.887999999999999901e-01,7.631000000000000005e-01,8.473000000000000531e-01,9.424000000000000155e-01,9.986000000000000432e-01,9.698999999999999844e-01,1.000000000000000000e+00,8.629999999999999893e-01,6.978999999999999648e-01,7.991094542818680813e-01,7.849774339136041945e-01,5.197000000000000508e-01,1.851352752150927927e-01,1.097999999999999948e-01,1.446000000000000063e-01,1.122459724123407443e-01,1.439999999999999891e-01,1.956984883838896183e-01,3.495751317629342686e-02,1.656475819899944357e-01,3.977686150861024089e-02,6.944264839001680623e-02,1.686421025508889338e-01,1.293716235427921357e-01,1.038123971475589796e-01,1.917783411807315874e-01,3.009883198562444129e-01,2.700656234225138896e-01,2.848484848484848508e-01,1.543824701195219140e-01,2.256699576868829160e-01,7.435897435897435848e-02,1.448863636363636465e-01,1.387024608501118694e-01,2.258883248730964577e-01,3.943661971830986213e-01,3.136363636363636576e-01,2.115384615384615363e-01,7.061503416856491910e-02
6.345733041575492284e-02,1.966652415562206158e-02,2.647924158221640761e-02,5.393996247654784387e-02,1.461346633416458762e-01,1.783939314674339582e-01,2.662912308930007743e-01,1.562091503267973858e-01,8.435852372583479974e-02,1.151139881790036595e-01,1.791065104876055636e-01,2.637393767705382697e-01,3.911092413406254131e-01,2.586760280842527737e-01,2.240000000000000047e-01,2.571085302362834946e-01,2.933000000000000052e-01,2.990999999999999770e-01,3.924000000000000266e-01,4.691000000000000170e-01,5.665000000000000036e-01,6.463999999999999746e-01,6.774000000000000021e-01,7.577000000000000401e-01,8.856000000000000538e-01,9.418999999999999595e-01,1.000000000000000000e+00,8.564000000000000501e-01,6.790000000000000480e-01,5.586999999999999744e-01,4.294294294294294656e-01,3.165699548678271857e-01,2.025000000000000133e-01,7.131750803358556656e-02,1.170999999999999958e-01,2.157000000000000028e-01,2.333368432136464221e-01,2.776000000000000134e-01,2.342497717358222598e-01,1.553189200817468030e-01,1.682045580878265556e-01,2.116177540625757691e-01,2.270787533945428927e-01,1.834578716825560341e-01,1.290872903042365738e-01,1.892484914975315485e-02,8.493299529156102257e-02,1.437556154537286690e-01,8.026249369005553080e-02,5.454545454545453587e-02,1.494023904382470180e-02,7.334273624823695048e-02,9.743589743589743668e-02,2.244318181818181768e-01,2.550335570469798863e-01,1.269035532994924054e-01,8.450704225352113907e-02,1.454545454545454752e-01,1.593406593406593297e-01,6.833712984054669815e-02
2.669584245076586648e-01,1.799914493373236390e-01,1.647597254004576628e-01,5.863039399624765668e-02,1.486284289276808002e-01,6.591681925189642188e-02,2.569053365513542242e-01,2.159041394335511621e-01,2.078207381370826001e-01,2.599211933577258438e-01,3.026423317897031229e-01,3.750708215297450243e-01,3.517038283550694699e-01,2.297893681043129410e-01,1.554999999999999993e-01,1.865238285943131569e-01,2.386999999999999955e-01,3.345000000000000195e-01,5.232999999999999874e-01,6.683999999999999941e-01,7.765999999999999570e-01,7.927999999999999492e-01,7.940000000000000391e-01,9.129000000000000448e-01,9.497999999999999776e-01,9.835000000000000409e-01,1.000000000000000000e+00,9.471000000000000529e-01,8.236999999999999877e-01,6.251999999999999780e-01,4.329501915708812709e-01,3.448312916398023065e-01,2.657999999999999807e-01,2.276355343630143968e-01,1.587999999999999967e-01,5.609999999999999709e-02,9.982099610403284695e-02,1.700000000000000122e-01,1.232626559805214544e-01,1.378939442831020878e-01,4.291272929405225839e-02,1.611690516614115720e-01,3.014354066985646119e-01,3.179592888430816666e-01,2.786465737844753821e-01,2.722161272627537376e-01,2.843172763491488286e-01,2.758310871518419027e-01,2.771327612317011635e-01,2.351515151515151392e-01,1.653386454183266852e-01,1.861777150916784085e-01,6.923076923076923461e-02,6.250000000000000000e-02,1.319910514541386970e-01,4.060913705583756722e-02,7.042253521126760896e-02,3.863636363636363535e-02,7.417582417582417598e-02,6.150341685649202833e-02
1.582786287381473533e-01,1.453612654980761254e-01,1.281464530892448550e-01,5.534709193245778563e-02,2.695760598503740280e-01,3.044729270206644189e-01,3.748994368463395288e-01,2.198257080610021841e-01,1.679847685998828444e-01,2.500703630734590344e-01,5.555706891855080043e-01,5.825779036827195556e-01,5.571448604683775230e-01,5.093279839518556340e-01,6.509000000000000341e-01,8.082699239086904575e-01,9.818999999999999950e-01,1.000000000000000000e+00,9.406999999999999806e-01,8.451999999999999513e-01,8.105999999999999872e-01,8.459999999999999742e-01,6.211999999999999744e-01,5.815000000000000169e-01,7.744999999999999662e-01,8.204000000000000181e-01,5.601000000000000423e-01,2.988999999999999990e-01,5.009000000000000119e-01,6.627999999999999448e-01,5.957336646991819862e-01,4.357403825488932458e-01,3.745999999999999885e-01,3.608375660827200515e-01,1.580000000000000016e-01,1.421999999999999931e-01,2.242813520058966059e-01,1.865999999999999881e-01,1.017550978999695599e-01,2.577175432935355781e-01,2.491384102279043944e-01,2.460586951249090493e-01,9.181430234061811746e-02,2.069054367431074348e-01,2.372760875746374454e-01,2.331321996708722311e-01,3.312205722564288135e-01,4.201856843366277849e-01,2.554265522463402549e-01,2.715151515151514872e-01,9.462151394422310680e-02,4.372355430183356290e-02,2.641025641025641080e-01,2.215909090909090606e-01,1.722595078299776483e-01,2.385786802030457066e-01,8.732394366197183955e-02,6.818181818181819065e-02,3.571428571428571230e-02,1.571753986332573849e-01
1.735959153902261187e-01,1.359555365540829619e-01,1.379535796011768511e-01,9.357410881801124514e-02,1.965087281795510898e-01,2.003662045513994461e-01,2.362563689997318195e-01,2.490196078431372306e-01,2.334504979496191956e-01,2.882071488882634314e-01,3.612094797058022499e-01,4.390934844192634912e-01,3.338942644790352521e-01,1.923771313941825545e-01,1.429999999999999882e-01,1.737084501401681969e-01,1.781000000000000083e-01,2.852000000000000091e-01,5.036000000000000476e-01,6.166000000000000369e-01,7.616000000000000547e-01,8.125000000000000000e-01,7.792999999999999927e-01,8.788000000000000256e-01,8.812999999999999723e-01,9.469999999999999529e-01,1.000000000000000000e+00,9.738999999999999879e-01,8.446000000000000174e-01,6.150999999999999801e-01,4.454799627213420488e-01,3.401031592520954439e-01,2.868999999999999884e-01,2.090805431740437315e-01,1.205999999999999989e-01,2.709999999999999909e-02,6.107191744761503865e-02,1.262000000000000066e-01,1.087551993507152315e-01,1.163816284823061264e-01,4.002223457476375423e-02,1.451612903225806550e-01,2.665201086253717877e-01,2.646225199690801499e-01,2.669889110036963165e-01,2.807185957213384486e-01,3.107569721115537864e-01,3.201557352500749021e-01,2.407874810701665924e-01,2.060606060606060552e-01,1.852589641434262691e-01,1.354019746121297441e-01,1.820512820512820706e-01,2.386363636363636187e-01,8.501118568232662875e-02,6.598984771573604413e-02,7.887323943661972425e-02,2.954545454545454489e-02,9.615384615384614531e-02,1.366742596810933963e-01
2.137126185266229050e-01,2.753313381787088621e-01,1.274926446551160608e-01,4.057223264540337632e-02,1.187032418952618518e-01,2.134449385299503343e-01,2.662912308930007743e-01,6.862745098039214897e-02,1.077914469830111299e-01,1.210244863495637396e-01,5.638790520294197778e-02,6.685552407932011942e-02,1.170943766652643575e-01,9.408224674022065692e-02,1.466000000000000081e-01,8.099719663596315067e-02,1.179000000000000048e-01,2.179000000000000103e-01,3.326000000000000068e-01,3.257999999999999785e-01,2.111000000000000099e-01,2.301999999999999880e-01,3.361000000000000099e-01,4.259000000000000008e-01,4.608999999999999764e-01,2.605999999999999983e-01,8.740000000000000546e-02,2.862000000000000099e-01,5.605999999999999872e-01,8.344000000000000306e-01,8.383555969762865878e-01,7.790672684289705607e-01,8.047999999999999599e-01,9.780242562454649624e-01,1.000000000000000000e+00,8.960000000000000187e-01,5.808149942086974216e-01,3.037000000000000255e-01,2.371918433600486986e-01,2.562116811874798339e-01,3.688715953307393214e-01,4.633761823914624989e-01,2.036725720936247430e-01,2.870394228291677230e-01,2.249075916974694334e-01,1.965167306637411182e-01,2.959072799710249502e-01,3.393231506439053913e-01,2.862190812720847855e-01,1.612121212121211955e-01,1.693227091633466297e-01,4.936530324400564135e-02,1.333333333333333315e-01,2.357954545454545303e-01,1.744966442953020114e-01,1.903553299492385942e-01,2.957746478873239937e-01,3.636363636363636465e-01,2.609890109890109500e-01,2.505694760820045483e-02
1.750547045951859892e-01,9.320222317229585884e-02,1.059169663288656305e-01,1.334427767354596506e-01,8.229426433915211503e-02,1.341878106199319853e-01,2.405470635559131265e-01,1.553376906318082729e-01,8.333333333333334259e-02,5.474247115113987927e-02,2.634159629528738944e-01,3.447592067988669018e-01,4.075164773524050377e-01,2.613841524573721209e-01,3.810999999999999943e-01,5.003003604325190201e-01,3.014999999999999902e-01,3.654999999999999916e-01,6.791000000000000369e-01,7.307000000000000162e-01,5.052999999999999714e-01,4.440999999999999948e-01,6.986999999999999877e-01,8.133000000000000229e-01,7.781000000000000139e-01,8.942999999999999838e-01,8.929000000000000270e-01,8.912999999999999812e-01,8.609999999999999876e-01,8.063000000000000167e-01,5.736771254012633658e-01,2.628411777347947620e-01,3.458999999999999853e-01,1.674095573753498489e-01,2.467000000000000026e-01,5.564000000000000057e-01,4.928924923660103485e-01,9.790000000000000091e-02,1.604950796388353584e-01,8.077874583198881020e-02,3.692051139521956848e-01,4.541595925297113867e-01,3.447562394930815954e-01,1.388817315124967755e-01,2.015922661359113022e-01,2.313494240263302137e-01,1.336472292647591376e-01,1.898772087451332802e-01,7.269056032306915605e-02,2.739393939393939270e-01,6.075697211155378641e-02,2.284908321579689483e-01,3.743589743589743613e-01,2.642045454545454142e-01,2.505592841163311046e-01,2.385786802030457066e-01,1.521126760563380476e-01,4.318181818181818232e-02,1.813186813186813129e-01,5.239179954441913062e-02
6.856309263311451130e-02,1.423685335613510128e-01,1.000326904217064272e-01,8.818011257035647532e-02,3.231920199501246427e-01,4.695265498299764917e-01,5.119334942343791717e-01,3.686274509803921240e-01,2.738722905682484110e-01,2.427526034337179617e-01,3.034595478071370200e-01,4.399433427762039495e-01,5.811246669471322734e-01,5.172517552657974749e-01,5.369000000000000439e-01,5.113135762915499427e-01,6.441000000000000059e-01,7.326000000000000290e-01,8.164000000000000146e-01,8.856000000000000538e-01,9.890999999999999792e-01,1.000000000000000000e+00,8.750000000000000000e-01,8.630999999999999783e-01,9.073999999999999844e-01,8.673999999999999488e-01,7.750000000000000222e-01,6.600000000000000311e-01,5.614999999999999991e-01,4.016000000000000125e-01,2.413793103448275967e-01,1.250805931656995551e-01,1.095000000000000001e-01,4.467710168964444950e-02,6.189999999999999669e-02,1.955999999999999961e-01,2.232283879119721925e-01,3.241999999999999882e-01,4.161509587095464924e-01,3.161234806926965790e-01,2.124513618677042748e-01,2.064031045355323724e-01,1.306090779774990440e-01,1.947951558876578337e-01,2.028717657094114002e-01,1.504388370817334175e-01,2.124230351321984844e-01,2.911051212938005617e-01,3.548712771327612314e-01,3.406060606060605789e-01,2.151394422310757004e-01,2.157968970380817753e-01,2.871794871794871584e-01,6.846590909090908283e-01,3.668903803131991492e-01,1.395939086294416265e-01,2.197183098591549422e-01,1.250000000000000000e-01,2.500000000000000000e-01,1.526195899772209430e-01
8.388037928519329056e-02,6.412997007268063376e-02,4.445897352075841441e-02,1.782363977485928661e-02,5.261845386533665903e-02,2.767460109861365480e-01,2.743362831858406903e-01,9.586056644880174005e-02,1.363503222026948014e-01,1.032929918378834855e-01,1.007899754835194783e-01,8.810198300283286765e-02,1.479455896788669234e-01,1.186559679037111348e-01,1.721000000000000030e-01,2.587104525430516944e-01,3.231999999999999873e-01,3.816999999999999837e-01,4.243000000000000105e-01,4.217000000000000193e-01,4.449000000000000177e-01,4.074999999999999734e-01,3.306000000000000050e-01,4.012000000000000011e-01,4.465999999999999970e-01,5.218000000000000416e-01,7.551999999999999824e-01,9.503000000000000336e-01,1.000000000000000000e+00,9.083999999999999853e-01,8.577197887542715726e-01,8.135611433483773691e-01,7.261999999999999567e-01,6.377112055561313664e-01,5.679999999999999494e-01,5.756999999999999895e-01,5.605980836053490179e-01,3.672000000000000264e-01,1.693212945115146473e-01,9.314832741744648315e-02,7.181767648693719586e-02,2.293233082706766790e-01,3.469546101125048354e-01,3.719402215923731103e-01,3.328120557293147708e-01,2.287438288535381392e-01,1.838102136906917816e-01,3.578915843066786673e-01,3.553760726905603740e-01,2.024242424242424232e-01,1.065737051792828571e-01,1.283497884344146633e-01,4.102564102564102561e-02,2.386363636363636187e-01,1.431767337807606510e-01,6.598984771573604413e-02,8.169014084507042472e-02,8.409090909090910504e-02,1.923076923076922906e-01,9.339407744874715644e-02
3.223924142961342443e-01,2.039333048311244012e-01,1.601830663615560688e-02,1.362570356472795341e-01,6.932668329177056610e-02,1.773476327491498861e-01,4.462322338428532653e-01,3.246187363834422412e-01,1.426479203280609231e-01,1.784407542921474799e-01,1.510487605557069013e-01,3.364022662889518678e-01,2.814472023559108083e-01,2.146439317953861559e-01,1.108999999999999986e-01,2.038446135362435019e-01,2.467999999999999916e-01,6.682000000000000162e-01,8.345000000000000195e-01,8.252000000000000446e-01,8.016999999999999682e-01,8.981999999999999984e-01,9.664000000000000368e-01,8.515000000000000346e-01,6.625999999999999668e-01,3.240999999999999992e-01,2.053999999999999992e-01,5.668999999999999595e-01,5.725999999999999979e-01,4.877000000000000224e-01,7.799523661592626667e-01,8.166774124220933517e-01,5.184999999999999609e-01,4.270757748522856501e-01,5.560000000000000497e-01,5.568999999999999506e-01,1.406760029482994612e-01,3.830999999999999961e-01,4.677893882520036684e-01,4.657416370872324296e-01,2.841578654808226689e-01,1.777831675964103852e-01,4.511832406569248333e-01,3.425663488791548805e-01,1.342052885982371324e-01,1.878771256171146709e-01,2.433900760593987467e-01,1.245882000598981798e-01,3.629480060575467348e-01,7.721212121212122081e-01,2.091633466135458252e-01,2.877291960507757373e-01,5.538461538461538769e-01,3.835227272727272374e-01,1.230425055928411615e-01,1.852791878172588835e-01,2.253521126760563709e-01,2.386363636363636742e-01,1.620879120879120672e-01,2.391799544419134504e-01
2.720641867250182533e-01,1.201368106028217198e-01,7.584177835894082009e-02,5.276735459662288547e-02,4.463840399002493020e-02,1.917342401255558715e-01,2.255296326092786074e-01,2.246187363834422634e-01,1.454305799648506203e-01,1.128623698283140880e-01,2.130209752111141552e-01,3.633144475920679906e-01,3.679708315804235408e-01,1.182547642928786363e-01,5.970000000000000306e-02,1.564877853424108956e-01,2.240999999999999936e-01,3.585999999999999743e-01,1.791999999999999982e-01,3.256000000000000005e-01,6.078999999999999959e-01,6.987999999999999767e-01,8.390999999999999570e-01,8.552999999999999492e-01,7.710000000000000187e-01,6.215000000000000524e-01,5.735999999999999988e-01,4.401999999999999802e-01,4.056000000000000161e-01,4.410999999999999921e-01,5.312208760484622427e-01,6.409843111970772167e-01,7.271999999999999575e-01,6.778273038250233196e-01,5.901999999999999469e-01,5.393000000000000016e-01,5.156365167947772887e-01,4.081000000000000183e-01,4.205133407730546335e-01,6.456921587608905888e-01,8.000000000000000444e-01,8.043900072762552034e-01,8.130091814302341513e-01,5.265395516619427729e-01,4.566391811202729079e-01,3.453099286889742547e-01,2.683810213690691615e-01,2.958969751422581562e-01,1.600201918223119468e-01,3.260606060606060508e-01,6.573705179282868238e-02,1.128349788434414649e-02,1.153846153846153771e-01,6.818181818181817677e-02,1.342281879194630843e-02,1.852791878172588835e-01,2.704225352112675784e-01,1.227272727272727404e-01,2.335164835164835195e-01,1.366742596810933963e-01
1.983953318745441119e-01,1.616075245831551932e-01,1.595292579274272815e-01,1.988742964352720466e-01,2.810473815461346225e-01,2.885168715668323114e-01,3.617591847680343142e-01,5.091503267973855884e-01,4.559168131224370923e-01,5.624824092316352830e-01,5.367747207845273705e-01,4.686968838526912595e-01,4.103211330809143909e-01,1.765295887662989005e-01,1.738999999999999990e-01,2.045454545454545581e-01,2.088000000000000134e-01,2.677999999999999825e-01,2.434000000000000052e-01,1.839000000000000079e-01,2.802000000000000046e-01,6.171999999999999709e-01,8.014999999999999902e-01,8.313000000000000389e-01,8.439999999999999725e-01,8.494000000000000439e-01,9.167999999999999483e-01,1.000000000000000000e+00,7.895999999999999686e-01,5.371000000000000218e-01,6.701874288081184350e-01,6.990113905007522277e-01,4.959000000000000075e-01,2.254586918212915791e-01,9.900000000000000466e-02,4.340000000000000108e-02,1.798462672422870556e-01,1.978999999999999926e-01,1.907274018464035770e-01,1.191782295364095939e-01,1.892162312395775370e-01,7.094348775163715481e-02,8.250355618776671063e-02,1.792063901056428765e-01,9.070230309923228706e-02,7.967635765222161326e-02,1.160811300253531408e-01,3.126684636118599037e-01,3.695103483089348662e-01,3.333333333333333148e-01,1.454183266932271013e-01,1.283497884344146633e-01,1.153846153846153771e-01,1.221590909090908977e-01,9.619686800894855505e-02,2.487309644670050723e-01,1.521126760563380476e-01,1.159090909090909199e-01,1.785714285714285476e-01,2.346241457858769808e-01
1.743253099927060679e-01,8.080376229157759660e-02,1.523373651520104621e-01,1.031894934333958680e-01,1.638403990024937529e-01,1.940884122416950130e-01,3.700724054706355792e-01,2.394335511982570719e-01,2.026947861745752866e-01,1.936391781593019834e-01,1.277581040588395556e-01,3.668555240793201083e-02,2.102089468517739645e-01,2.859578736208626126e-01,5.743000000000000327e-01,8.287945534641569800e-01,8.669000000000000039e-01,8.131000000000000449e-01,9.044999999999999707e-01,9.045999999999999597e-01,1.000000000000000000e+00,9.976000000000000423e-01,9.871999999999999664e-01,9.760999999999999677e-01,9.009000000000000341e-01,9.724000000000000421e-01,9.675000000000000266e-01,7.632999999999999785e-01,4.434000000000000163e-01,3.821999999999999842e-01,4.894894894894895043e-01,4.305824199441221078e-01,3.381000000000000116e-01,3.288068829687985639e-01,2.222000000000000086e-01,7.330000000000000404e-02,2.834579340844476936e-01,1.887999999999999956e-01,7.223293091204220640e-02,1.142303969022265275e-01,7.715397443023902513e-02,3.638127577007033847e-02,1.154791154791154906e-01,1.879670188095851624e-01,1.916406027864657469e-01,5.362040592430061120e-02,9.887721839913074517e-02,1.404612159329140519e-01,1.014639071176173662e-01,1.151515151515151436e-01,1.543824701195219140e-01,1.283497884344146633e-01,3.871794871794871917e-01,2.272727272727272652e-01,4.026845637583893051e-02,1.979695431472081324e-01,1.267605633802816878e-01,5.909090909090908977e-02,9.890109890109889668e-02,5.466970387243735158e-02
9.576951130561633940e-01,1.000000000000000000e+00,1.000000000000000000e+00,1.000000000000000000e+00,1.000000000000000000e+00,4.684802511116924473e-01,4.969160632877446804e-01,1.198257080610021751e-02,2.825131810193321491e-01,3.139600337742752267e-01,3.959411604467448220e-01,3.199716713881020080e-01,4.397700182302622385e-01,3.311935807422266564e-01,3.659999999999999920e-01,3.960752903484180965e-01,4.385999999999999899e-01,4.670000000000000262e-01,5.254999999999999671e-01,3.734999999999999987e-01,2.242999999999999994e-01,1.973000000000000032e-01,4.336999999999999744e-01,6.532000000000000028e-01,5.070000000000000062e-01,2.796000000000000152e-01,4.163000000000000034e-01,5.949999999999999734e-01,5.241999999999999993e-01,4.178000000000000047e-01,3.845914880397638957e-01,2.552116913819041377e-01,8.630000000000000171e-02,1.489582253550326418e-01,2.896000000000000241e-01,4.576999999999999957e-01,3.922291249868379293e-01,3.371999999999999997e-01,3.858171857563153506e-01,4.497149618156395245e-01,4.005558643690939613e-01,3.287654620422023055e-01,2.137592137592137786e-01,2.513527441381087080e-01,3.996303667898777334e-01,3.080087767416346822e-01,3.478812024628757382e-01,4.492362982929020698e-01,3.356890459363957580e-01,2.339393939393939470e-01,1.553784860557768932e-01,5.105782792665726211e-01,5.384615384615385469e-01,4.375000000000000000e-01,4.026845637583892357e-01,3.299492385786802207e-02,2.985915492957746942e-01,2.886363636363636354e-01,4.890109890109889945e-01,5.261958997722094855e-01
1.714077315827862991e-01,1.244121419410004342e-01,2.448512585812356868e-01,1.217166979362101359e-01,5.660847880299251650e-02,2.181532827622286452e-01,1.815500134084204742e-01,4.361655773420478610e-01,4.212067955477446501e-01,5.170278637770897578e-01,4.050667393080904510e-01,1.185552407932011360e-01,2.681250876454915333e-01,5.055165496489468779e-01,6.351999999999999869e-01,6.812174609531437275e-01,7.504999999999999449e-01,6.594999999999999751e-01,4.509000000000000230e-01,2.963999999999999968e-01,4.018999999999999795e-01,6.794000000000000039e-01,8.296999999999999931e-01,1.000000000000000000e+00,8.239999999999999547e-01,7.115000000000000213e-01,7.725999999999999535e-01,6.124000000000000554e-01,4.935999999999999832e-01,5.647999999999999687e-01,5.080252666459562638e-01,1.955727487642381357e-01,1.811000000000000110e-01,1.147506996993884198e-01,4.602999999999999869e-01,6.650000000000000355e-01,6.763188375276403264e-01,2.165999999999999870e-01,1.979304047884751783e-01,5.321071313326879437e-01,5.475264035575320154e-01,4.900557846228474346e-01,3.106168369326264278e-01,1.793352228807008342e-01,2.529144156951947386e-01,2.668678003291278245e-01,3.120246287576964872e-01,4.558250973345313595e-01,4.689550731953558427e-01,2.169696969696969513e-01,2.410358565737051595e-01,1.170662905500705203e-01,9.487179487179488169e-02,2.698863636363635909e-01,2.348993288590604245e-01,7.614213197969543767e-02,3.718309859154929620e-01,1.545454545454545414e-01,2.967032967032967039e-01,2.050113895216400806e-01
4.631655725747629293e-01,3.031209918768704714e-01,1.480876103301732583e-01,7.809568480300188575e-02,4.613466334164587762e-02,3.295840962594820955e-01,2.721909359077500645e-01,4.178649237472766842e-01,4.923842999414176913e-01,5.488319729805798408e-01,6.366112775810406355e-01,7.977337110481587112e-01,7.721217220586172880e-01,4.356068204613841588e-01,3.052000000000000268e-01,3.496195434521425782e-01,3.975000000000000200e-01,3.875000000000000111e-01,5.280000000000000249e-01,7.197999999999999954e-01,7.701999999999999957e-01,8.561999999999999611e-01,8.688000000000000167e-01,9.235999999999999766e-01,1.000000000000000000e+00,9.661999999999999478e-01,9.821999999999999620e-01,7.359999999999999876e-01,4.158000000000000029e-01,2.918000000000000038e-01,3.396499948224086518e-01,3.965183752417795193e-01,3.449999999999999734e-01,2.967761998548771873e-01,8.640000000000000457e-02,3.724000000000000088e-01,4.895230072654522258e-01,3.487999999999999989e-01,1.843360048696357778e-01,1.228353232225449093e-01,1.356309060589216131e-01,3.178510793111811727e-01,5.768783137204189781e-01,6.088636949239887297e-01,4.638896787034403890e-01,1.951453647833242266e-01,7.062658457080767116e-02,1.215932914046121555e-01,1.569914184755174247e-01,1.042424242424242337e-01,1.533864541832669348e-01,6.770098730606487203e-02,6.410256410256411075e-02,2.471590909090908839e-01,1.610738255033557220e-01,2.411167512690355341e-01,2.422535211267605737e-01,1.931818181818182045e-01,1.098901098901098883e-01,1.161731207289293938e-01
1.378555798687089717e-01,1.316802052159042336e-01,6.440013076168682460e-02,1.458724202626641708e-01,1.995012468827930124e-02,2.063824221815328264e-01,3.861625100563153001e-01,3.161220043572984806e-01,2.620093731693028949e-01,3.549113425274415534e-01,3.550803595750476882e-01,5.254957507082153034e-01,5.477492637778712536e-01,2.680040120361082967e-01,2.716000000000000081e-01,4.188025630756908035e-01,6.987999999999999767e-01,5.733000000000000318e-01,2.225999999999999923e-01,2.631000000000000005e-01,7.472999999999999643e-01,7.262999999999999456e-01,3.392999999999999905e-01,2.823999999999999844e-01,6.052999999999999492e-01,5.897000000000000020e-01,4.966999999999999749e-01,8.616000000000000325e-01,8.338999999999999746e-01,4.083999999999999853e-01,2.348555452003728006e-01,1.875134321942832361e-01,5.070000000000000201e-02,1.646107598217062262e-01,3.039999999999999925e-01,1.368999999999999939e-01,1.690007370748657645e-01,2.061000000000000054e-01,7.446484731662778023e-02,2.172743895880391643e-02,1.821011673151751165e-01,1.919718651467378079e-01,2.366481313849734813e-01,2.429786137593403506e-01,1.433039522320159187e-01,9.092155787164014902e-02,3.314016660630206279e-02,1.209943096735549561e-01,5.451792024230187050e-02,1.733333333333333393e-01,9.063745019920319002e-02,5.359661495063468978e-02,2.461538461538461398e-01,4.034090909090908839e-01,4.250559284116331438e-01,3.553299492385786906e-01,2.788732394366197909e-01,2.090909090909091050e-01,1.428571428571428492e-01,1.708428246013667384e-01
9.482129832239241662e-02,2.565198802907224952e-03,2.876757110166721157e-02,1.069418386491557266e-01,1.309226932668328958e-01,2.035051007062516348e-01,2.496647894877983276e-01,2.050108932461873756e-01,2.505858230814294041e-01,2.086968758795383905e-01,2.086624897847997873e-01,1.558073654390934870e-01,1.248071799186649816e-01,1.239719157472417288e-01,1.197000000000000008e-01,1.146375650780937089e-01,2.137000000000000011e-01,2.837999999999999967e-01,3.639999999999999902e-01,5.430000000000000382e-01,6.673000000000000043e-01,7.979000000000000536e-01,9.273000000000000131e-01,9.026999999999999469e-01,9.192000000000000171e-01,1.000000000000000000e+00,9.820999999999999730e-01,9.092000000000000082e-01,8.184000000000000163e-01,6.962000000000000410e-01,6.109557833695764550e-01,5.853212980872555260e-01,5.141999999999999904e-01,5.586192598735358894e-01,5.531000000000000361e-01,5.318000000000000504e-01,5.081604717279140093e-01,3.790000000000000036e-01,1.857563153089175356e-01,1.882327632569646136e-01,1.866592551417454171e-01,8.173659956342468891e-02,7.875339454286822694e-02,4.831229064674052998e-02,7.577480807506396798e-02,3.812397147558968524e-02,3.241579137993480519e-02,3.414195867026056236e-02,3.685007571933367199e-02,1.406060606060605955e-01,9.163346613545816921e-02,1.100141043723554118e-01,1.051282051282051433e-01,3.693181818181817677e-02,2.460850111856823647e-02,1.142131979695431426e-01,1.098591549295774711e-01,5.000000000000000278e-02,6.318681318681318437e-02,3.644646924829157003e-02
5.331874544128373250e-01,5.339888841385207474e-01,5.442955214122262575e-01,3.508442776735459789e-01,3.598503740648378857e-01,7.245618624117186046e-01,6.851702869401984364e-01,3.729847494553376608e-01,6.824838898652607622e-02,1.567689276667604825e-01,2.368564423862707935e-01,4.475920679886685738e-01,4.556163230963399813e-01,2.170511534603811465e-01,2.031000000000000028e-01,2.583099719663596305e-01,1.796000000000000096e-01,2.421999999999999986e-01,3.608999999999999986e-01,1.809999999999999942e-01,2.604000000000000203e-01,6.572000000000000064e-01,9.734000000000000430e-01,9.757000000000000117e-01,8.078999999999999515e-01,6.521000000000000130e-01,4.914999999999999925e-01,5.362999999999999989e-01,7.649000000000000243e-01,5.250000000000000222e-01,5.282178730454591964e-01,4.533634214485278147e-01,4.159999999999999809e-01,1.975743754535088659e-01,2.230000000000000038e-02,4.218999999999999972e-01,5.787090660208487058e-01,2.482999999999999929e-01,2.063508166785025799e-01,2.935355491018608043e-01,3.153974430239022131e-01,5.412321125394130572e-01,4.109659899133583649e-01,1.039680494717856174e-01,1.694626101791299466e-01,2.926494788809654857e-01,5.869250271640709116e-01,8.820005989817311098e-01,7.440686521958607136e-01,2.557575757575757391e-01,3.595617529880478225e-01,6.262341325811001669e-01,5.897435897435897578e-01,8.238636363636363535e-01,3.154362416107382439e-01,4.086294416243654859e-01,4.985915492957747053e-01,4.409090909090909727e-01,5.686813186813186594e-01,1.298405466970387334e-01
1.684901531728665025e-01,1.500641299700726794e-01,9.807126511932004811e-03,7.129455909943714642e-02,8.453865336658353269e-02,2.249542244310750727e-01,4.660766961651917617e-01,2.943355119825707966e-01,1.556824838898652752e-01,4.883197298057979224e-02,7.831653500408608526e-02,1.957507082152974420e-01,3.188893563315103319e-01,4.050150451354062042e-01,5.222999999999999865e-01,6.855226271525830528e-01,7.520999999999999908e-01,7.760000000000000231e-01,7.708000000000000407e-01,8.627000000000000224e-01,1.000000000000000000e+00,8.872999999999999776e-01,8.056999999999999718e-01,8.760000000000000009e-01,9.065999999999999615e-01,9.429999999999999494e-01,8.846000000000000529e-01,6.500000000000000222e-01,2.969999999999999862e-01,2.422999999999999876e-01,3.098270684477581471e-01,2.455405114979583303e-01,2.277000000000000135e-01,1.584948688711516618e-01,1.037000000000000005e-01,3.520000000000000212e-02,1.129830472780878198e-01,1.373000000000000054e-01,1.350309424774271960e-01,1.563945358717866163e-01,1.239577543079488642e-01,5.335920446276982282e-02,9.853873011767749768e-02,1.779180623550631335e-01,1.181404606198464408e-01,8.968732857926495217e-02,1.528431727634914916e-01,1.781970649895178171e-01,2.508833922261484162e-01,3.793939393939393945e-01,1.533864541832669348e-01,1.495063469675599332e-01,2.487179487179487225e-01,6.250000000000000000e-02,1.163310961968680168e-01,1.827411167512690282e-01,1.577464788732394485e-01,8.636363636363636465e-02,1.181318681318681285e-01,6.833712984054669815e-02
6.491611962071480724e-02,1.171440786660966210e-01,8.107224583197122914e-02,5.558161350844277593e-02,5.586034912718203932e-02,2.210306042375098368e-01,3.990345937248591657e-01,2.666666666666666630e-01,2.297891036906854478e-01,2.981987053194483650e-01,4.090166167256878427e-01,4.382436260623229773e-01,3.846585331650539952e-01,2.554663991975927861e-01,1.869999999999999996e-01,1.453744493392070403e-01,1.456999999999999962e-01,2.429000000000000048e-01,3.259000000000000230e-01,3.679000000000000048e-01,3.355000000000000204e-01,3.099999999999999978e-01,3.914000000000000257e-01,5.280000000000000249e-01,6.409000000000000252e-01,7.707000000000000517e-01,8.753999999999999559e-01,1.000000000000000000e+00,9.806000000000000272e-01,6.968999999999999639e-01,5.149632391011701449e-01,5.394369224156457809e-01,5.359000000000000430e-01,3.982585259666217570e-01,1.847999999999999921e-01,1.149000000000000021e-01,1.653153627461303732e-01,1.310999999999999943e-01,1.605965303844983094e-01,2.829945143594708168e-01,3.449694274596998844e-01,5.471743875818578795e-01,4.894607526186473545e-01,1.634887915485699617e-01,2.074210975263008072e-01,1.497531541415249856e-01,2.689243027888446047e-01,4.147948487571129772e-01,3.614336193841494183e-01,2.133333333333333470e-01,1.982071713147410263e-01,1.354019746121297441e-01,2.641025641025641080e-01,2.642045454545454142e-01,5.592841163310962455e-02,1.116751269035533151e-01,5.915492957746479319e-02,1.568181818181818288e-01,1.648351648351648324e-01,4.100227790432801889e-02
1.663019693654267106e-01,3.646857631466438598e-01,3.269042170644001488e-01,1.003752345215759845e-01,2.785536159600996986e-01,4.318597959717499490e-01,4.282649503888442122e-01,4.610021786492374818e-01,4.825717633274751450e-01,4.949338587109485266e-01,4.535548896758376802e-01,5.160056657223796028e-01,5.637358014303744946e-01,4.745235707121364110e-01,5.195999999999999508e-01,6.580897076491789566e-01,8.426000000000000156e-01,8.476000000000000201e-01,8.344000000000000306e-01,8.453000000000000513e-01,7.999000000000000554e-01,8.537000000000000144e-01,9.641999999999999460e-01,1.000000000000000000e+00,9.356999999999999762e-01,9.408999999999999586e-01,9.070000000000000284e-01,7.104000000000000314e-01,6.320000000000000062e-01,5.666999999999999815e-01,3.625349487418453309e-01,2.629486352890608170e-01,1.698000000000000065e-01,3.410386648699077483e-01,3.674000000000000044e-01,2.331000000000000016e-01,2.540802358639570047e-01,2.555999999999999939e-01,1.919448107943593496e-01,2.086694632677207895e-01,3.417454141189549821e-01,3.377395100654863036e-01,3.982930298719772333e-02,1.594949755217727194e-01,2.635769121410292959e-01,2.404004388370817591e-01,1.954002173125679032e-01,2.180293501048218285e-01,1.221605249873801147e-01,2.315151515151514794e-01,1.583665338645418308e-01,2.425952045133991375e-01,4.897435897435897245e-01,7.386363636363635354e-01,3.131991051454138808e-01,3.172588832487310273e-01,3.267605633802816989e-01,2.113636363636363646e-01,3.296703296703296093e-02,8.200455580865603777e-02
4.741064916119620831e-02,5.215904232578025268e-02,2.222948676037920721e-02,2.532833020637898641e-02,5.411471321695760645e-02,7.428720899816898537e-02,1.413247519442209499e-01,1.252723311546840856e-01,1.543643819566490882e-01,1.560652969321700001e-01,1.276219013892672394e-01,1.171388101983002888e-01,1.290141635114289698e-01,9.137412236710130975e-02,1.486999999999999988e-01,1.668001601922306787e-01,1.267999999999999960e-01,1.373999999999999944e-01,1.095000000000000001e-01,1.285999999999999921e-01,2.146000000000000130e-01,2.888999999999999901e-01,4.238000000000000100e-01,6.168000000000000149e-01,8.166999999999999815e-01,9.622000000000000552e-01,8.279999999999999583e-01,5.816000000000000059e-01,4.667000000000000037e-01,3.538999999999999924e-01,2.823858341099720337e-01,1.515151515151514916e-01,1.862999999999999934e-01,2.255623509899450374e-01,2.359999999999999876e-01,1.724999999999999867e-01,6.201958513214699681e-02,6.210000000000000242e-02,1.873795272395252232e-01,2.637409917177584440e-01,3.317398554752640227e-01,3.687848653892796258e-01,2.941937152463468541e-01,1.906725070858026061e-01,1.566676144441285223e-01,1.615469007131102586e-01,1.101050344078232518e-01,9.973045822102427627e-02,1.393235739525492123e-01,1.212121212121212155e-01,2.290836653386454230e-02,9.732016925246825267e-02,6.410256410256411075e-02,7.670454545454545581e-02,1.163310961968680168e-01,9.137055837563451410e-02,7.323943661971830943e-02,8.181818181818181768e-02,1.648351648351648047e-02,7.972665148063781682e-02
2.173595915390226230e-01,2.629328772979905859e-01,2.124877410918600829e-01,2.159943714821763727e-01,4.027431421446384108e-01,6.000523149359142661e-01,5.835344596406543127e-01,4.429193899782135069e-01,2.136789689513766966e-01,1.198986771742189678e-01,3.372378098610732677e-01,5.162889518413598111e-01,3.894264479035198789e-01,2.834503510531595216e-01,3.236999999999999877e-01,4.340208249899879522e-01,5.637999999999999678e-01,4.555000000000000160e-01,4.348000000000000198e-01,6.432999999999999829e-01,3.931999999999999940e-01,1.988999999999999935e-01,3.539999999999999813e-01,9.164999999999999813e-01,9.371000000000000441e-01,4.620000000000000218e-01,2.771000000000000130e-01,6.612999999999999989e-01,8.027999999999999581e-01,4.199999999999999845e-01,5.376410893652272538e-01,7.481194928003439548e-01,5.792000000000000481e-01,9.214263501606717588e-01,7.862999999999999989e-01,7.133000000000000451e-01,8.018321575234284015e-01,4.400999999999999912e-01,3.052652936999086797e-01,3.402172743895880980e-01,3.122846025569760986e-01,3.514431239388794426e-01,6.802017328333118118e-02,2.405307910332388499e-01,2.207847597384134108e-01,2.239440482720790049e-01,2.267294458529518220e-01,2.240191674153938772e-01,2.281675921251892780e-01,7.757575757575757569e-02,1.533864541832669348e-01,4.372355430183356290e-02,3.923076923076923017e-01,2.017045454545454419e-01,4.742729306487696306e-01,1.928934010152284495e-01,4.281690140845070824e-01,1.113636363636363730e-01,5.494505494505493859e-01,1.662870159453302965e-01
7.899343544857767574e-01,4.574604531851218514e-01,8.401438378555083075e-02,1.962945590994371325e-01,1.865336658354114774e-01,2.942715145173947500e-01,8.908554572271386585e-01,1.000000000000000000e+00,8.093145869947275806e-01,8.395721925133690089e-01,7.224189594116044999e-01,3.188385269121812859e-01,3.368391529939699924e-01,2.697091273821464186e-01,6.645999999999999686e-01,6.639967961553864262e-01,1.673999999999999932e-01,8.369999999999999662e-02,4.330999999999999850e-01,8.718000000000000194e-01,7.992000000000000215e-01,3.711999999999999744e-01,1.703000000000000069e-01,1.610999999999999932e-01,2.086000000000000076e-01,2.847000000000000086e-01,2.210999999999999910e-01,6.133999999999999453e-01,5.806999999999999940e-01,6.925000000000000044e-01,3.960857409133271001e-01,4.623898560068773200e-01,7.791000000000000147e-01,9.021457447911267469e-01,1.000000000000000000e+00,9.212000000000000188e-01,9.883120985574391781e-01,9.303000000000000158e-01,7.420107537790403551e-01,5.153275250080671110e-01,2.320177876598110145e-01,2.444821731748726690e-01,2.158282684598473999e-01,3.700077299665034958e-01,6.218367927210690649e-01,4.247120131651124231e-01,2.857660268018833438e-01,1.656184486373165898e-01,1.686017163048965095e-01,2.533333333333332993e-01,1.713147410358565603e-01,2.538787023977432389e-01,2.820512820512820484e-01,6.647727272727272929e-01,6.174496644295301984e-01,8.121827411167513444e-02,2.366197183098591728e-01,2.772727272727272818e-01,2.252747252747252793e-01,3.257403189066059301e-01
2.122538293216630345e-01,1.710132535271483567e-01,2.520431513566525061e-01,1.897279549718574043e-01,1.299251870324189539e-01,2.749149882291394564e-01,3.888441941539286933e-02,1.468409586056644844e-01,1.895137668424135835e-01,1.612721643681395978e-01,1.283029147371288758e-01,1.124645892351274767e-01,3.533866217921750180e-02,1.194583751253761317e-01,1.044999999999999957e-01,2.052462955546655865e-01,1.555999999999999883e-01,2.690000000000000169e-01,3.784000000000000141e-01,4.023999999999999799e-01,3.469999999999999751e-01,1.395000000000000129e-01,1.208000000000000046e-01,2.827000000000000068e-01,1.499999999999999944e-01,2.626000000000000001e-01,4.467999999999999750e-01,7.520000000000000018e-01,9.035999999999999588e-01,7.812000000000000055e-01,4.935280107693901241e-01,2.668171072426391288e-01,5.372000000000000108e-01,6.508759199751218416e-01,3.647000000000000242e-01,4.571999999999999953e-01,6.695798673265241918e-01,6.473999999999999755e-01,5.600081160596530605e-01,3.498978164999462237e-01,2.548082267926625732e-01,7.918991025951976903e-02,0.000000000000000000e+00,0.000000000000000000e+00,0.000000000000000000e+00,0.000000000000000000e+00,0.000000000000000000e+00,0.000000000000000000e+00,0.000000000000000000e+00,0.000000000000000000e+00,0.000000000000000000e+00,7.898448519040901505e-02,6.076923076923076428e-01,5.795454545454545858e-01,1.118568232662192491e-01,3.477157360406091802e-01,4.619718309859155991e-01,1.840909090909090828e-01,3.818681318681318437e-01,2.528473804100228040e-01
7.221006564551422924e-02,2.069260367678495138e-01,9.774436090225563367e-02,6.965290806754222130e-02,1.625935162094762909e-01,2.817159298979858839e-01,6.336819522660230852e-01,5.196078431372548323e-01,1.098418277680140651e-02,2.648466084998593040e-01,1.983110868973032015e-01,2.679886685552408387e-01,4.453793296872808893e-01,1.344032096288866607e-01,2.169000000000000095e-01,2.460953143772526830e-01,2.589000000000000190e-01,2.786000000000000143e-01,2.298000000000000043e-01,6.560000000000000553e-02,1.441000000000000059e-01,1.179000000000000048e-01,1.668000000000000038e-01,1.782999999999999863e-01,2.475999999999999868e-01,2.570000000000000062e-01,1.035999999999999976e-01,5.355999999999999650e-01,7.124000000000000332e-01,6.290999999999999925e-01,4.924924924924924952e-01,6.463571889103804091e-01,7.207999999999999963e-01,6.462112573857157205e-01,5.725000000000000089e-01,7.522999999999999687e-01,9.173423186269348273e-01,9.252000000000000224e-01,9.849852896418788140e-01,1.000000000000000000e+00,1.000000000000000000e+00,9.593742420567548113e-01,7.241691452217768887e-01,3.656274156145323251e-01,6.265282911572361835e-01,7.552111903455841491e-01,7.843172763491488286e-01,8.700209643605869569e-01,1.000000000000000000e+00,9.442424242424242165e-01,3.944223107569721498e-01,2.440056417489421536e-01,3.820512820512820262e-01,3.267045454545454142e-01,4.519015659955257225e-01,3.527918781725888353e-01,8.169014084507042472e-02,3.636363636363636465e-01,2.912087912087911734e-01,3.052391799544418860e-01
2.450765864332603849e-01,1.256947413424540361e-01,1.556064073226544608e-01,1.264071294559099556e-01,1.980049875311720442e-01,2.103060423750980901e-01,3.046393134888710219e-01,2.675381263616558036e-01,1.808728763913298176e-01,1.184914157050379890e-01,4.862435303731953845e-02,9.759206798866856825e-02,2.390969008554200415e-01,3.266800401203610593e-01,4.601999999999999980e-01,6.232478974769724012e-01,7.327000000000000179e-01,7.842999999999999972e-01,7.987999999999999545e-01,8.260999999999999455e-01,1.000000000000000000e+00,9.814000000000000501e-01,9.619999999999999662e-01,9.600999999999999535e-01,9.118000000000000549e-01,9.085999999999999632e-01,7.931000000000000272e-01,5.877000000000000002e-01,3.473999999999999866e-01,4.234999999999999876e-01,4.797556176866521471e-01,3.664302600472813531e-01,2.848999999999999866e-01,2.951176531564216887e-01,1.741999999999999937e-01,5.489999999999999741e-02,1.255133199957881585e-01,1.154000000000000026e-01,8.674038754184844324e-02,1.947940195762074000e-01,1.405225125069483327e-01,9.689546446762066501e-02,4.888141730246993444e-02,1.633599587735119762e-01,1.599374466875177758e-01,6.925397696105321799e-02,1.718580224556320035e-01,2.027553159628631418e-01,1.307420494699646496e-01,2.060606060606060552e-01,3.286852589641434119e-02,2.115655853314527268e-01,2.846153846153846034e-01,9.090909090909091161e-02,7.829977628635347020e-02,4.289340101522842730e-01,3.859154929577465198e-01,3.409090909090909532e-02,1.895604395604395531e-01,1.161731207289293938e-01
2.210065645514223132e-01,1.509191962377084140e-01,1.601830663615560757e-01,1.425891181988742928e-01,4.164588528678304230e-02,3.541721161391577222e-01,3.928667203003485819e-01,2.446623093681916938e-01,2.848564733450498210e-01,3.312693498452012331e-01,3.947153364205938653e-01,3.983002832861189946e-01,2.212873369793857958e-01,2.738214643931795658e-02,6.729999999999999871e-02,1.445734881858229959e-01,2.069999999999999896e-01,2.645000000000000129e-01,2.827999999999999958e-01,4.293000000000000149e-01,5.685000000000000053e-01,6.989999999999999547e-01,7.246000000000000218e-01,7.621999999999999886e-01,9.242000000000000215e-01,1.000000000000000000e+00,9.979000000000000092e-01,8.296999999999999931e-01,7.032000000000000473e-01,7.140999999999999570e-01,7.137827482655069167e-01,5.330969267139480383e-01,2.584000000000000186e-01,1.004457344252099038e-01,7.760000000000000231e-02,3.640000000000000180e-02,1.655259555649152559e-01,1.822999999999999898e-01,1.368570558993608410e-01,9.131978057437883933e-02,5.469705391884380208e-02,1.657773465922871559e-01,2.006983059614638742e-01,1.994331357897448920e-01,1.875177708274096966e-01,1.350795392210641932e-01,2.278160086925027084e-01,2.857142857142857539e-01,2.468450277637556645e-01,2.921212121212121149e-01,4.183266932270916089e-02,1.212976022566995687e-01,1.179487179487179460e-01,3.579545454545454142e-01,8.053691275167786101e-02,8.883248730964467266e-02,9.577464788732394096e-02,1.795454545454545636e-01,9.890109890109889668e-02,1.093394077448747032e-01
6.783369803063456216e-02,7.909362975630611359e-02,1.830663615560640736e-02,1.500938086303939961e-02,6.483790523690773078e-02,1.198012032435260416e-01,1.260391525878251651e-01,1.241830065359477049e-02,6.224370240187464265e-02,9.006473402758231883e-02,1.209479705802233851e-01,2.264872521246458770e-01,2.160987238816435285e-01,2.776328986960882594e-01,2.175999999999999879e-01,2.802362835402482655e-01,3.491000000000000214e-01,2.823999999999999844e-01,2.479000000000000092e-01,3.004999999999999893e-01,4.299999999999999933e-01,4.683999999999999830e-01,4.520000000000000129e-01,5.026000000000000467e-01,6.217000000000000304e-01,6.571000000000000174e-01,6.632000000000000117e-01,7.320999999999999730e-01,8.534000000000000474e-01,1.000000000000000000e+00,8.748058403230817293e-01,6.827852998065764289e-01,6.308000000000000274e-01,6.438270965066860141e-01,6.975999999999999979e-01,5.867999999999999883e-01,5.147941455196377580e-01,3.683000000000000163e-01,2.072638733894694163e-01,1.580079595568462947e-01,2.468037798777098502e-01,1.757215619694397213e-01,1.926807189965084599e-01,1.560164905952074188e-01,1.626386124537958500e-01,1.084750411409764193e-01,6.609923940601231118e-02,4.552261156034741185e-02,4.290762241292277179e-02,1.454545454545454475e-01,2.191235059760956311e-02,9.732016925246825267e-02,1.641025641025641024e-01,3.664772727272727071e-01,2.550335570469798863e-01,1.370558375634517989e-01,2.507042253521126751e-01,1.136363636363636465e-01,1.593406593406593297e-01,5.694760820045557947e-02
1.502552881108679683e-01,5.643437366395896021e-02,1.742399476953252757e-01,1.334427767354596506e-01,1.613466334164588289e-01,3.745749411456971156e-01,3.604183427192276246e-01,4.446623093681917327e-01,2.300820152314001221e-01,2.213622291021671851e-01,3.169436120947970448e-01,2.528328611898016942e-01,2.113308091431777003e-01,1.921765295887662983e-01,2.061000000000000054e-01,2.309771726071285503e-01,2.359999999999999876e-01,1.298999999999999877e-01,3.811999999999999833e-01,5.857999999999999874e-01,4.496999999999999886e-01,4.875999999999999779e-01,1.000000000000000000e+00,8.675000000000000488e-01,4.717999999999999972e-01,5.341000000000000192e-01,6.197000000000000286e-01,7.143000000000000460e-01,5.604999999999999982e-01,3.728000000000000203e-01,2.569120844982913932e-01,2.064259617451106865e-01,1.386000000000000010e-01,3.446667357727791203e-01,2.883000000000000007e-01,3.227999999999999758e-01,2.745077392860903465e-01,2.039999999999999869e-01,2.430759866085015763e-01,1.418737227062493167e-01,7.593107281823235910e-02,4.050448702401163864e-02,9.259019785335574626e-02,1.257407884565833744e-01,1.118851293716235512e-01,7.158529895776194474e-02,9.054690329590728282e-02,6.918238993710691676e-02,1.115598182735992039e-01,1.745454545454545314e-01,3.057768924302788904e-01,5.444287729196051195e-01,3.769230769230769162e-01,5.113636363636363258e-02,2.237136465324384982e-01,2.436548223350253617e-01,2.169014084507042417e-01,4.090909090909090606e-01,2.994505494505494414e-01,1.594533029612756336e-01
4.886943836615609271e-02,4.104318084651559922e-02,7.845701209545603155e-03,1.360225140712945438e-02,4.912718204488777246e-02,1.616531519748888313e-01,1.158487530168946095e-01,2.071895424836601440e-01,1.224370240187463293e-01,1.660568533633549060e-01,1.332062108417325086e-01,1.287535410764872601e-01,9.199270789510588520e-02,5.947843530591775257e-02,8.319999999999999618e-02,1.298558269923908715e-01,2.038000000000000089e-01,3.810999999999999943e-01,4.450999999999999956e-01,5.223999999999999755e-01,5.910999999999999588e-01,6.565999999999999615e-01,6.308000000000000274e-01,5.997999999999999998e-01,4.958000000000000185e-01,5.646999999999999797e-01,6.905999999999999917e-01,8.512999999999999456e-01,1.000000000000000000e+00,9.165999999999999703e-01,7.948638293465879467e-01,6.637653127014829790e-01,5.467999999999999527e-01,5.717839742925261426e-01,5.463000000000000078e-01,5.514999999999999902e-01,4.802569232389175546e-01,3.466000000000000192e-01,3.433093233235263719e-01,3.068731848983543009e-01,2.781545302946081266e-01,1.990055784622847268e-01,2.075520496573128315e-01,1.920896676114403623e-01,1.885129371623542605e-01,9.421283598464069708e-02,1.090184715682723515e-01,1.680143755615453871e-01,1.544674406865219618e-01,1.866666666666666752e-01,2.888446215139442094e-02,6.770098730606487203e-02,5.897435897435897301e-02,5.681818181818181629e-02,8.948545861297539650e-02,4.822335025380711238e-02,9.577464788732394096e-02,7.727272727272727071e-02,1.401098901098901117e-01,7.061503416856491910e-02
1.962071480671043200e-01,1.637451902522445435e-01,1.650866296175220738e-01,1.658067542213883527e-01,3.274314214463840411e-01,5.500915511378499101e-01,6.068651112898900690e-01,5.498910675381263324e-01,5.265084944346807294e-01,8.323951590205460604e-01,9.091528193952601589e-01,8.043909348441926621e-01,7.257046697517879341e-01,3.344032096288866440e-01,2.001999999999999891e-01,2.859431317581097587e-01,2.937000000000000166e-01,3.423999999999999821e-01,5.948999999999999844e-01,7.526000000000000467e-01,8.959000000000000297e-01,8.146999999999999797e-01,7.108999999999999764e-01,7.378000000000000114e-01,7.200999999999999623e-01,8.254000000000000226e-01,8.917000000000000481e-01,9.819999999999999840e-01,8.178999999999999604e-01,4.848000000000000087e-01,3.316765040902971418e-01,2.981947130883301211e-01,2.381999999999999951e-01,3.017518399502436277e-01,1.675000000000000100e-01,3.155999999999999917e-01,1.967989891544698333e-01,3.391000000000000125e-01,6.079943187582429465e-01,4.435839518124126135e-01,1.312951639799888881e-01,4.427601261217559703e-01,6.019656019656020041e-01,6.154341664519453747e-01,5.000000000000000000e-01,1.261656609983543564e-01,2.222021006881564620e-01,5.345911949685534514e-01,5.477031802120141402e-01,3.636363636363635909e-01,3.446215139442230790e-01,2.355430183356840290e-01,5.102564102564103310e-01,4.119318181818181768e-01,1.812080536912751838e-01,1.142131979695431426e-01,1.211267605633802869e-01,6.136363636363637020e-02,1.510989010989010894e-01,1.298405466970387334e-01
5.156819839533187677e-01,5.352714835399743354e-01,4.730304020921869412e-01,3.855534709193245702e-01,4.221945137157107064e-01,2.207690295579388118e-01,1.917404129793510159e-01,2.063180827886710311e-01,2.318394844756883622e-01,1.754855052068674537e-01,3.187142467992373218e-01,2.498583569405099236e-01,3.202916841957649807e-01,3.124373119358074269e-01,4.724999999999999756e-01,5.549659591509811252e-01,5.385999999999999677e-01,3.745999999999999885e-01,4.582999999999999852e-01,5.960999999999999632e-01,7.463999999999999524e-01,7.643999999999999684e-01,5.711000000000000520e-01,6.257000000000000339e-01,6.694999999999999840e-01,7.130999999999999561e-01,7.567000000000000393e-01,8.076999999999999735e-01,8.477000000000000091e-01,9.288999999999999480e-01,9.850885368126748309e-01,8.591231463571888938e-01,4.361999999999999766e-01,4.196123147092360450e-01,4.951999999999999735e-01,1.711999999999999911e-01,3.845424871011898782e-01,3.763000000000000234e-01,2.882215684285279744e-01,4.592879423469936606e-02,5.926625903279599816e-01,8.430754305117633685e-01,5.545066597698177224e-01,3.946147900025766542e-01,8.295422234859255450e-01,7.805814591332969066e-01,4.762767113364723137e-01,3.581910751722072739e-01,4.962140333165068196e-01,4.533333333333333659e-01,2.898406374501992233e-01,2.200282087447108237e-01,5.051282051282051100e-01,3.835227272727272374e-01,2.841163310961968835e-01,3.502538071065989800e-01,3.746478873239436624e-01,2.977272727272727293e-01,4.230769230769230727e-01,4.965831435079726686e-01
7.293946024799416450e-02,7.310816588285592998e-02,2.036613272311212919e-01,4.807692307692307959e-02,5.112219451371571161e-02,9.625948208213445934e-02,2.944489139179404247e-01,2.779956427015250475e-01,8.758055067369655000e-02,1.778778497044750939e-01,1.199945518932171162e-01,2.821529745042493098e-01,2.580283270228579673e-02,2.267803410230692096e-01,1.728999999999999981e-01,2.133560272326792129e-01,6.930000000000000049e-02,2.280999999999999972e-01,4.060000000000000275e-01,3.972999999999999865e-01,2.741000000000000103e-01,3.689999999999999947e-01,5.555999999999999828e-01,4.845999999999999752e-01,3.140000000000000013e-01,5.333999999999999853e-01,5.255999999999999561e-01,2.520000000000000018e-01,2.089999999999999913e-01,3.558999999999999941e-01,6.482344413378896553e-01,7.887384483129163959e-01,6.119999999999999885e-01,3.624961127811754946e-01,3.952999999999999847e-01,3.012000000000000233e-01,5.694429819943139792e-01,8.813999999999999613e-01,1.000000000000000000e+00,9.860169947294825654e-01,6.804891606448026931e-01,6.070822216832404417e-01,4.151040993146256630e-01,4.125225457356351266e-01,6.106056297981233838e-01,5.010970927043335577e-01,4.808040565012676737e-01,4.719976040730757827e-01,3.437657748611812059e-01,3.563636363636363269e-01,2.400398406374501803e-01,1.706629055007052032e-01,9.230769230769229894e-02,4.261363636363635909e-01,1.901565995525727470e-01,1.852791878172588835e-01,1.408450704225352179e-01,1.000000000000000056e-01,1.098901098901098883e-01,2.665148063781321297e-01
1.371261852662290226e-01,1.581872595126122272e-01,3.115397188623733049e-01,1.932457786116322795e-01,6.209476309226932139e-02,1.276484436306565828e-01,3.818718155001340486e-01,4.296296296296295836e-01,2.743116578793204363e-01,2.541514213340838602e-01,2.913375102152002682e-01,2.157223796033994334e-01,2.769597531902959209e-01,4.858575727181544401e-01,7.298000000000000043e-01,7.816379655586703779e-01,7.905999999999999694e-01,6.121999999999999664e-01,4.199999999999999845e-01,2.807000000000000051e-01,5.148000000000000353e-01,7.569000000000000172e-01,8.596000000000000307e-01,1.000000000000000000e+00,8.457000000000000073e-01,6.796999999999999709e-01,6.971000000000000529e-01,5.843000000000000416e-01,4.772000000000000131e-01,5.201000000000000068e-01,4.391633012322667118e-01,1.710724263915753274e-01,1.668000000000000038e-01,6.095159116823883200e-02,3.966999999999999971e-01,7.147000000000000020e-01,7.706644203432663209e-01,3.508999999999999897e-01,5.975448919549558591e-02,2.893406475207056516e-01,4.669260700389105123e-01,4.698035411108416604e-01,3.155308418466313269e-01,2.576655501159494932e-01,3.279783906738697463e-01,2.586396050466264196e-01,3.549438609199565553e-01,5.094339622641509413e-01,6.895507319535587598e-01,4.824242424242424221e-01,1.424302788844621359e-01,1.311706629055006956e-01,8.461538461538462008e-02,3.210227272727272374e-01,6.711409395973154390e-02,1.446700507614213371e-01,2.535211267605633756e-01,1.295454545454545470e-01,1.868131868131867879e-01,5.466970387243735158e-02
3.785557986870897174e-01,2.342881573321932420e-01,2.752533507682248803e-01,7.481238273921200777e-02,2.887780548628428590e-01,2.411718545644781775e-01,2.754089568248860309e-01,1.335511982570806166e-01,2.145577035735208027e-01,3.993808049535603755e-01,3.816398801416507891e-01,4.371104815864022552e-01,3.725985135324639264e-01,3.812437311935807371e-01,5.625999999999999890e-01,4.381257509010813012e-01,2.616999999999999882e-01,1.199000000000000066e-01,6.675999999999999712e-01,9.402000000000000357e-01,7.832000000000000073e-01,5.352000000000000091e-01,6.808999999999999497e-01,9.173999999999999932e-01,7.612999999999999767e-01,8.219999999999999529e-01,8.871999999999999886e-01,6.090999999999999748e-01,2.967000000000000193e-01,1.102999999999999953e-01,1.364813088951019882e-01,6.705351386202450248e-02,9.900000000000000466e-02,4.152586296257904097e-01,3.665999999999999814e-01,1.049999999999999961e-01,2.016426239865220793e-01,3.930000000000000160e-01,4.350207974028609259e-01,2.738517801441325283e-01,1.279599777654252257e-01,2.663109386369148512e-01,2.429846114056640471e-01,1.851326977583097055e-01,3.050895649701449996e-01,3.236423477783872960e-01,2.037305324157913655e-01,7.607067984426475749e-02,1.438667339727410510e-01,2.157575757575757591e-01,5.179282868525895978e-02,1.142454160789844742e-01,3.076923076923077094e-01,1.278409090909090606e-01,2.706935123042505942e-01,2.461928934010152448e-01,2.394366197183099010e-01,1.068181818181818260e-01,1.318681318681318437e-01,1.207289293849658218e-01
5.762217359591539356e-01,3.022659256092347091e-01,1.150702844066688463e-01,3.893058161350844704e-01,3.316708229426433840e-01,5.911587758304995971e-02,2.067578439259855072e-01,5.834422657952068603e-01,8.295254833040422993e-01,9.300591049817056311e-01,6.812857532007627892e-01,3.658640226628894765e-01,2.313840976020193896e-01,4.360080240722166156e-01,4.515000000000000124e-01,4.584501401682017918e-01,3.366000000000000103e-01,4.000000000000000222e-01,5.324999999999999734e-01,9.010000000000000231e-01,9.939000000000000057e-01,3.689000000000000057e-01,1.011999999999999983e-01,2.479999999999999913e-02,2.318000000000000060e-01,3.981000000000000094e-01,2.258999999999999897e-01,5.247000000000000552e-01,6.897999999999999687e-01,8.316000000000000059e-01,4.479652065858962251e-01,4.019987105093488222e-01,5.756000000000000005e-01,8.337306934798383029e-01,7.963000000000000078e-01,7.174000000000000377e-01,7.429714646730546379e-01,8.147999999999999687e-01,7.711271177843156410e-01,6.490265677100141017e-01,5.062812673707616229e-01,5.734901770555420608e-01,5.790766843398421626e-01,4.795155887657819860e-01,6.671879442706851737e-01,5.264673614920460931e-01,1.390800434625135695e-01,4.393530997304582186e-01,3.922261484098940043e-01,5.684848484848483707e-01,1.922310756972111512e-01,4.203102961918194214e-01,1.000000000000000000e+00,8.352272727272725961e-01,3.914988814317674204e-01,6.319796954314720328e-01,3.971830985915493217e-01,1.659090909090909227e-01,6.868131868131867324e-02,2.300683371298405389e-01
1.969365426695842414e-01,3.933304831124412315e-02,4.740111147433802297e-02,6.519699812382738491e-02,1.027431421446383941e-01,1.980120324352602768e-01,2.751407884151246819e-01,2.479302832244008603e-01,1.162858816637375586e-01,2.139037433155080159e-01,2.281394715336420853e-01,1.940509915014164699e-01,1.908568223250595997e-01,1.349047141424273011e-01,2.144000000000000072e-01,5.360432519022827469e-01,6.830000000000000515e-01,5.600000000000000533e-01,3.093000000000000194e-01,3.225999999999999979e-01,4.430000000000000049e-01,5.573000000000000176e-01,5.782000000000000473e-01,6.172999999999999599e-01,8.132000000000000339e-01,9.818999999999999950e-01,9.822999999999999510e-01,9.165999999999999703e-01,7.422999999999999599e-01,7.735999999999999543e-01,8.773946360153257462e-01,7.900279389641091665e-01,6.671000000000000263e-01,6.305587229190421361e-01,6.239000000000000101e-01,5.971999999999999531e-01,6.017689796777929701e-01,5.241999999999999993e-01,2.966419803185553206e-01,1.652145853501129358e-01,2.226792662590328098e-01,2.463012369633761911e-01,2.854002327686538387e-01,2.290646740530791203e-01,1.923514358828546933e-01,1.882885353812397411e-01,1.356392611372690959e-01,1.413596885294998440e-01,1.640585562847046985e-01,2.169696969696969513e-01,4.482071713147409847e-02,1.184767277856135226e-01,2.564102564102564014e-02,5.113636363636363258e-02,1.521252796420581588e-01,9.898477157360406620e-02,3.380281690140845563e-01,2.999999999999999889e-01,1.923076923076922906e-01,2.004555808656036386e-01
5.251641137855579677e-02,1.154339461308251380e-02,2.909447531873161213e-02,1.430581613508442873e-02,1.047381546134663333e-01,2.262620978289301699e-01,3.169750603378921894e-01,2.176470588235294157e-01,2.893966022261277304e-01,3.262032085561497596e-01,3.366929991827840030e-01,4.079320113314447438e-01,2.981349039405413182e-01,7.101303911735205865e-02,1.194000000000000061e-01,2.811373648378053813e-01,4.220999999999999752e-01,5.279000000000000359e-01,5.856999999999999984e-01,6.152999999999999581e-01,6.753000000000000114e-01,7.872999999999999998e-01,8.973999999999999755e-01,9.828000000000000069e-01,1.000000000000000000e+00,8.459999999999999742e-01,6.055000000000000382e-01,3.035999999999999810e-01,1.439999999999999961e-02,2.525999999999999912e-01,4.488971730351040690e-01,5.284762518805071752e-01,5.409000000000000474e-01,6.179123043433191187e-01,5.248000000000000442e-01,3.776999999999999802e-01,2.494471938506896969e-01,1.719999999999999862e-01,1.905245003550775917e-01,3.495751317629343102e-01,2.862701500833796930e-01,2.938394373029347140e-01,3.499288762446657319e-01,2.992785364596753372e-01,2.450952516349161059e-01,1.998080087767416524e-01,2.127852227453820855e-01,2.599580712788260306e-01,1.978798586572438067e-01,1.587878787878787834e-01,9.163346613545816921e-02,1.100141043723554118e-01,1.820512820512820706e-01,2.301136363636363258e-01,7.606263982102907939e-02,1.624365482233502689e-01,1.042253521126760701e-01,8.181818181818181768e-02,3.296703296703296093e-02,8.428246013667425873e-02
2.983223924142961447e-01,1.799914493373236390e-01,1.873161163779012706e-01,3.048780487804877981e-02,4.563591022443889977e-02,2.665445984828668791e-01,2.826495038884418998e-01,2.331154684095860519e-01,3.371411833626244969e-01,3.179003658879819838e-01,3.232089348951239782e-01,4.706798866855523844e-01,5.366708736502594501e-01,4.854563691073219278e-01,6.812000000000000277e-01,7.564076892270724661e-01,9.522000000000000464e-01,9.826000000000000290e-01,8.870999999999999996e-01,8.267999999999999794e-01,7.560999999999999943e-01,8.216999999999999860e-01,6.966999999999999860e-01,6.443999999999999728e-01,6.947999999999999732e-01,8.014000000000000012e-01,6.052999999999999492e-01,6.084000000000000519e-01,8.877000000000000446e-01,8.557000000000000162e-01,5.760588174381278126e-01,3.113045347087900483e-01,3.638000000000000123e-01,4.961127811754950101e-01,2.908000000000000029e-01,8.989999999999999380e-02,2.151205643887543484e-01,1.706999999999999906e-01,4.129045348483311589e-02,1.383241905991179910e-01,1.757643135075041552e-01,2.657045840407470383e-01,2.199663778611146980e-01,1.250966245812934752e-01,3.151833949388683775e-01,3.746571585298957840e-01,3.393697935530605170e-01,3.180592991913747114e-01,3.356890459363957580e-01,4.909090909090909061e-01,1.125498007968127323e-01,3.949224259520450753e-02,9.230769230769229894e-02,2.982954545454545303e-01,2.684563758389261756e-01,2.208121827411167470e-01,1.718309859154929786e-01,1.386363636363636409e-01,8.241758241758241621e-02,1.776765375854214013e-01
2.523705324580597931e-01,2.176143651132962931e-01,2.582543314808761342e-02,5.698874296435271769e-02,1.077306733167082281e-01,1.922573894846978937e-01,2.515419683561276321e-01,2.470588235294117474e-01,1.798476859988283605e-01,2.122150295524908303e-01,2.463906292563334544e-01,3.385269121813030968e-01,4.132660215958491867e-01,2.874623871614844783e-01,4.010000000000000231e-01,5.331397677212654784e-01,5.485999999999999766e-01,5.823000000000000398e-01,6.040999999999999703e-01,6.749000000000000554e-01,7.084000000000000297e-01,7.890000000000000346e-01,9.284000000000000030e-01,9.780999999999999694e-01,9.737999999999999989e-01,1.000000000000000000e+00,9.701999999999999513e-01,9.956000000000000405e-01,8.235000000000000098e-01,6.019999999999999796e-01,5.531738635186911335e-01,5.229959166129378723e-01,3.526000000000000245e-01,1.623302581113299226e-01,9.460000000000000353e-02,1.612999999999999989e-01,2.973570601242497280e-01,3.390000000000000235e-01,3.062798011565385226e-01,3.167688501667204615e-01,3.310728182323513513e-01,3.245209798690273928e-01,2.657442131126341311e-01,2.665550115949497645e-01,2.310207563264145558e-01,1.667580910586944631e-01,1.834480260775081528e-01,2.228212039532794231e-01,1.948510853104492846e-01,6.060606060606060774e-02,1.454183266932271013e-01,5.641748942172072900e-02,3.128205128205128194e-01,3.039772727272727071e-01,2.505592841163311046e-01,2.588832487309645214e-01,1.464788732394366189e-01,5.454545454545454281e-02,2.170329670329670391e-01,7.061503416856491910e-02
1.575492341356674042e-01,9.191962377084222924e-02,8.924485125858123979e-02,3.259849906191369245e-02,8.902743142144638189e-02,2.053361234632487820e-01,2.429605792437650735e-01,1.978213507625272427e-01,1.685705916813122485e-01,1.369265409513087395e-01,1.638518114955053173e-01,1.560906515580736675e-01,1.671574814191558178e-01,1.767301905717151289e-01,2.389999999999999902e-01,2.140568682418902413e-01,1.928999999999999881e-01,1.764999999999999902e-01,7.459999999999999964e-02,1.265000000000000013e-01,2.005000000000000115e-01,1.570999999999999897e-01,2.605000000000000093e-01,5.385999999999999677e-01,8.439999999999999725e-01,1.000000000000000000e+00,8.683999999999999497e-01,6.742000000000000215e-01,5.536999999999999700e-01,4.637999999999999901e-01,3.737185461323392355e-01,2.208252740167633565e-01,1.620000000000000051e-01,2.168549808230537945e-01,3.099999999999999978e-01,2.343999999999999972e-01,1.114036011372012275e-01,3.830000000000000071e-02,5.356599371005376503e-02,1.388619984941378838e-01,2.491384102279043944e-01,2.322338103322823255e-01,2.052243631190999729e-01,1.213604741046122176e-01,1.194199601933466082e-01,9.188151398793198421e-02,6.193408185440058000e-02,1.404612159329140519e-01,1.802120141342756221e-01,1.648484848484848275e-01,8.167330677290837726e-02,1.974612129760225654e-01,1.128205128205128221e-01,1.477272727272727071e-01,1.633109619686801128e-01,5.329949238578680221e-02,1.323943661971831165e-01,5.454545454545454281e-02,2.472527472527472417e-02,3.872437357630979099e-02
1.663019693654267106e-01,4.531851218469431369e-02,4.249754821837201102e-02,1.974671669793620910e-01,2.785536159600996986e-01,3.939314674339524647e-01,4.762670957361223034e-01,2.172113289760348454e-01,2.091388400702987871e-01,3.133971291866028963e-01,3.569871969490602259e-01,4.403682719546742619e-01,4.009255363904080660e-01,3.325977933801404496e-01,3.755000000000000004e-01,4.504405286343612369e-01,4.764999999999999791e-01,6.253999999999999559e-01,7.304000000000000492e-01,8.701999999999999735e-01,9.348999999999999533e-01,9.614000000000000323e-01,9.125999999999999668e-01,9.443000000000000282e-01,1.000000000000000000e+00,9.455000000000000071e-01,8.814999999999999503e-01,7.520000000000000018e-01,7.067999999999999838e-01,5.986000000000000210e-01,3.993993993993993907e-01,2.697184612078228905e-01,2.162000000000000033e-01,1.003420752565564456e-01,1.323000000000000009e-01,1.343999999999999917e-01,2.369169211329893721e-01,3.244000000000000217e-01,3.996144871664806253e-01,4.093793696891470657e-01,3.622012229016119966e-01,4.431239388794567247e-01,3.857493857493857758e-01,2.291935068281370780e-01,2.182257605914131315e-01,1.644267690619857503e-01,1.736689605215501475e-01,2.291105121293800784e-01,3.276123170116103100e-01,3.793939393939393945e-01,1.842629482071712899e-01,1.382228490832157763e-01,4.564102564102563986e-01,2.187500000000000000e-01,1.655480984340045036e-01,2.411167512690355341e-01,1.549295774647887480e-01,1.022727272727272652e-01,1.730769230769230727e-01,8.883826879271070065e-02
5.193289569657184579e-01,3.852073535699016560e-01,4.171297809741745244e-01,3.510787992495309484e-01,3.201995012468827340e-01,3.047345017002354717e-01,3.445964065433091972e-01,3.668845315904138982e-01,2.680140597539543146e-01,2.993245144947931369e-01,3.937619177335876519e-01,5.644475920679887793e-01,6.417052306829337249e-01,5.838515546639919673e-01,5.027000000000000357e-01,1.932318782539046986e-01,2.579000000000000181e-01,3.176999999999999824e-01,2.745000000000000218e-01,6.186000000000000387e-01,8.958000000000000407e-01,7.441999999999999726e-01,5.188000000000000389e-01,2.811000000000000165e-01,1.773000000000000131e-01,6.606999999999999540e-01,7.576000000000000512e-01,5.121999999999999886e-01,4.701000000000000179e-01,5.479000000000000536e-01,4.501397949673811572e-01,1.371158392434988216e-01,8.459999999999999465e-02,9.609204934176428237e-02,3.130000000000000143e-02,9.979999999999999982e-02,1.875329051279351622e-01,1.585999999999999910e-01,3.044536877346047943e-01,2.374959664407873539e-01,1.617565314063368620e-01,3.510793111811787437e-01,4.141988878830983878e-01,1.821695439319762910e-01,8.942280352573214741e-02,1.006582556226001263e-01,1.457805143064107301e-01,1.820904462413896474e-01,2.852094901564866114e-01,3.466666666666666785e-01,1.533864541832669348e-01,2.172073342736248192e-01,3.999999999999999667e-01,1.534090909090909116e-01,6.711409395973154390e-02,1.218274111675126808e-01,2.450704225352112742e-01,2.295454545454545525e-01,2.609890109890109500e-01,1.548974943052391640e-01
2.064186725018234692e-01,2.560923471569046539e-01,2.144491663942464932e-01,5.370544090056285358e-02,2.092269326683291741e-01,4.376144389223123876e-01,3.094663448645749715e-01,2.392156862745097867e-01,2.006444053895723723e-01,2.486631016042780695e-01,2.717243257967856263e-01,4.063739376770538203e-01,4.592623755434021016e-01,3.780341023069207496e-01,4.168999999999999928e-01,5.042050460552663926e-01,6.179999999999999938e-01,8.024999999999999911e-01,9.333000000000000185e-01,9.398999999999999577e-01,9.274999999999999911e-01,9.449999999999999512e-01,8.327999999999999847e-01,7.772999999999999909e-01,7.006999999999999895e-01,6.153999999999999471e-01,5.809999999999999609e-01,4.454000000000000181e-01,3.706999999999999740e-01,2.891000000000000236e-01,2.262607435021228020e-01,1.838598753492370619e-01,3.578000000000000069e-01,4.091427386752358175e-01,2.867000000000000104e-01,2.401000000000000079e-01,3.810677055912393696e-01,3.313999999999999724e-01,3.817591559297960901e-01,5.127460471119715812e-01,4.512506948304613741e-01,4.439728353140916517e-01,3.000129315918789730e-01,1.868075238340633770e-01,1.445834518055160445e-01,1.523587493143170879e-01,1.186164433176385424e-01,8.116202455825097251e-02,1.231701161029783026e-01,2.169696969696969513e-01,1.085657370517928294e-01,2.073342736248236784e-01,4.358974358974359031e-01,4.488636363636363535e-01,1.029082774049216997e-01,1.852791878172588835e-01,1.521126760563380476e-01,7.499999999999999722e-02,1.236263736263736174e-01,1.799544419134396500e-01
1.466083150984682781e-01,1.808465156049593736e-01,1.811049362536776564e-01,1.836303939962476428e-01,1.546134663341645898e-01,2.278315459063562642e-01,3.220702601233574325e-01,5.897603485838779358e-01,1.766256590509666102e-01,3.926259499014916887e-02,3.065922092073004590e-01,3.703966005665722538e-01,2.482120319730753144e-01,3.720160481444332867e-01,4.532999999999999807e-01,5.559671605927112292e-01,4.616000000000000103e-01,3.796999999999999820e-01,3.449999999999999734e-01,2.665000000000000147e-01,2.394999999999999907e-01,1.126999999999999946e-01,2.555999999999999939e-01,5.169000000000000261e-01,3.779000000000000137e-01,4.082000000000000073e-01,5.352999999999999980e-01,5.116000000000000547e-01,4.544000000000000261e-01,4.258000000000000118e-01,4.006420213316765344e-01,4.232753062540296485e-01,4.661000000000000143e-01,4.119415362288794125e-01,2.194000000000000117e-01,1.816000000000000114e-01,1.077182268084658362e-01,2.107999999999999874e-01,3.300192756416759354e-01,3.976551575777132475e-01,3.237354085603112996e-01,3.650254668930390523e-01,3.314366998577524814e-01,2.482607575367173636e-01,2.931475689508103444e-01,2.401261656609983697e-01,1.522998913437160207e-01,3.099730458221024443e-01,3.235739525492176138e-01,1.854545454545454275e-01,8.067729083665338419e-02,2.693935119887164720e-01,4.666666666666666741e-01,4.545454545454545303e-01,6.487695749440716142e-01,2.284263959390862853e-01,6.816901408450705135e-01,5.090909090909091494e-01,5.219780219780218999e-01,2.186788154897494063e-01
1.641137855579868632e-01,8.123129542539547776e-03,2.451781627983000769e-02,2.274859287054408971e-02,1.109725685785536015e-01,2.369866596913418888e-01,2.384017162778224730e-01,1.427015250544662328e-01,2.378441710603397818e-01,2.043343653250773995e-01,1.964042495232906638e-01,1.342776203966005721e-01,8.666386201093816133e-02,1.645937813440321029e-01,7.080000000000000182e-02,8.450140168201841773e-02,2.590000000000000080e-01,2.679000000000000270e-01,3.094000000000000083e-01,4.677999999999999936e-01,5.957999999999999963e-01,7.245000000000000329e-01,8.772999999999999687e-01,9.213999999999999968e-01,9.282000000000000250e-01,9.941999999999999726e-01,1.000000000000000000e+00,9.071000000000000174e-01,8.545000000000000373e-01,7.292999999999999483e-01,6.729833281557420221e-01,6.523748119492800424e-01,5.587999999999999634e-01,6.185342593552399793e-01,6.274999999999999467e-01,5.459000000000000519e-01,5.039486153522164669e-01,3.965000000000000191e-01,2.117277061986405640e-01,1.775841669355706087e-01,2.041133963312951882e-01,7.906863934028619811e-02,9.802146644251907848e-02,6.261272867817573029e-02,5.018481660506112635e-02,4.072956664838179447e-02,4.364360738862730488e-02,1.135070380353399438e-01,6.007067137809187635e-02,8.848484848484848564e-02,5.079681274900398752e-02,4.795486600846261827e-02,3.307692307692307598e-01,2.840909090909090606e-01,9.843400447427294586e-02,1.446700507614213371e-01,8.450704225352113907e-02,7.954545454545455807e-02,5.769230769230768857e-02,6.150341685649202833e-02
8.679795769511305936e-02,2.488242838820008684e-01,2.036613272311212919e-01,1.407129455909943705e-01,3.483790523690772911e-01,4.925451216322260239e-01,3.813354786806114061e-01,3.152505446623093399e-01,7.132396016403046157e-02,1.215873909372361394e-01,2.918823208934895330e-01,5.269121813031161228e-01,3.737203758238676898e-01,2.119358074222667809e-01,1.102999999999999953e-01,1.137364837805366485e-01,1.933999999999999886e-01,4.142000000000000126e-01,3.279000000000000248e-01,6.221999999999999753e-01,7.468000000000000194e-01,7.675999999999999490e-01,7.866999999999999549e-01,8.253000000000000336e-01,1.000000000000000000e+00,9.481000000000000538e-01,7.539000000000000146e-01,6.008000000000000007e-01,5.436999999999999611e-01,5.386999999999999567e-01,5.818577197887542241e-01,5.524392864818397086e-01,6.084000000000000519e-01,5.826681870011403142e-01,5.956000000000000183e-01,6.078000000000000069e-01,5.291144571970095578e-01,2.828999999999999848e-01,4.839200568124175234e-02,3.023555985801871793e-01,3.804335742078933102e-01,6.241814212951735108e-01,5.653691969481442481e-01,3.182169543931976374e-01,2.428205857264714163e-01,1.841744377399890387e-01,1.517566099239406052e-01,2.261156034740940401e-01,1.534578495709237878e-01,8.969696969696969169e-02,6.872509960159361997e-02,3.526093088857545910e-02,2.641025641025641080e-01,2.102272727272727348e-01,2.751677852348993758e-01,1.751269035532994900e-01,2.140845070422535412e-01,1.659090909090909227e-01,8.241758241758241621e-02,3.143507972665147698e-01
1.626549963530269927e-01,1.603249251817015775e-01,1.582216410591696654e-01,1.113977485928705491e-01,1.613466334164588289e-01,1.545906356264713788e-01,2.019308125502815854e-01,2.135076252723311363e-02,1.001757469244288351e-01,2.092597804672108042e-01,1.574502860256060954e-01,2.342776203966005777e-01,5.375122703688122172e-01,3.608826479438315138e-01,1.713000000000000078e-01,1.137364837805366485e-01,3.490000000000000047e-02,3.795999999999999930e-01,7.400999999999999801e-01,9.925000000000000488e-01,9.801999999999999602e-01,8.890000000000000124e-01,6.712000000000000188e-01,4.285999999999999810e-01,3.373999999999999777e-01,7.366000000000000325e-01,9.610999999999999543e-01,7.352999999999999536e-01,4.855999999999999761e-01,1.593999999999999861e-01,3.113803458631044796e-01,4.401461422738018880e-01,3.170000000000000040e-01,3.425935523997097887e-01,3.407999999999999918e-01,2.185999999999999888e-01,2.593450563335790160e-01,2.726000000000000090e-01,1.704372527138074411e-01,3.003119285791115423e-01,2.843802112284603001e-01,2.110113994664079284e-01,2.742790637527479647e-01,1.415872197887142470e-01,1.400341199886266652e-01,1.743006034009873806e-01,2.642158638174574303e-01,3.486073674752920293e-01,3.922261484098940043e-01,5.321212121212121060e-01,6.075697211155378641e-02,2.045133991537376461e-01,3.282051282051282048e-01,4.119318181818181768e-01,1.297539149888143062e-01,1.243654822335025362e-01,1.830985915492957805e-01,2.113636363636363646e-01,1.620879120879120672e-01,5.011389521640090966e-02
1.509846827133479175e-01,2.287302265925609257e-01,1.091860084995096430e-01,1.918386491557223239e-01,1.845386533665835105e-01,8.475019618100967933e-02,2.461786001609010677e-01,2.331154684095860519e-01,2.274458113649677760e-01,1.736560652969321716e-01,2.446199945518932328e-01,2.531161473087819025e-01,1.748702846725564697e-01,2.584754262788365176e-01,3.370000000000000218e-01,3.994793752503003614e-01,1.647000000000000131e-01,2.265999999999999959e-01,3.219000000000000195e-01,5.355999999999999650e-01,8.158999999999999586e-01,1.000000000000000000e+00,8.700999999999999845e-01,6.888999999999999568e-01,6.299000000000000155e-01,5.737999999999999767e-01,5.706999999999999851e-01,5.976000000000000201e-01,4.300999999999999823e-01,2.058000000000000107e-01,1.035518276897587353e-01,2.414571244358478530e-01,2.308000000000000052e-01,4.122525137348398427e-01,3.316999999999999948e-01,1.726000000000000034e-01,1.504685690217963667e-01,2.167999999999999927e-01,1.995536167190828936e-01,2.301817790685167231e-01,4.084491384102279521e-01,2.453310696095076515e-01,1.006077848183111328e-01,1.191703169286266462e-01,3.394938868353710726e-01,4.662643993417444621e-01,4.697573342991669954e-01,3.300389338125187533e-01,4.598687531549722207e-01,5.599999999999999423e-01,1.703187250996015811e-01,4.654442877291960212e-02,1.282051282051282215e-01,5.397727272727271819e-01,2.304250559284116429e-01,3.071065989847716060e-01,1.183098591549295864e-01,2.045454545454545303e-01,1.923076923076922906e-01,2.255125284738041247e-01
2.399708242159007965e-01,9.234715690466011040e-02,1.261850277868584447e-01,1.470450281425891292e-01,2.887780548628428590e-01,3.876536751242479761e-01,5.508179136497720618e-01,3.496732026143790639e-01,3.708260105448154542e-01,3.760202645651561926e-01,4.162353582130209895e-01,4.477337110481586779e-01,3.244986677885289827e-01,2.073219658976930835e-01,1.804000000000000048e-01,2.811373648378053813e-01,4.423000000000000265e-01,5.947000000000000064e-01,6.601000000000000201e-01,5.844000000000000306e-01,4.539000000000000257e-01,4.788999999999999924e-01,5.645999999999999908e-01,5.281000000000000139e-01,7.115000000000000213e-01,1.000000000000000000e+00,9.564000000000000279e-01,6.089999999999999858e-01,5.111999999999999877e-01,4.000000000000000222e-01,4.991198094646370764e-02,1.990113905007521999e-01,2.185999999999999888e-01,1.488545661863791836e-01,1.756999999999999951e-01,1.428000000000000103e-01,1.731072970411708933e-01,3.089000000000000079e-01,3.700923201785533134e-01,4.776809723566742272e-01,4.290161200667037544e-01,3.411350958040261783e-01,1.600931074615284944e-01,1.227776346302499322e-01,1.707421097526300724e-01,1.131376851343938728e-01,1.119159724737413958e-01,4.222821203953279479e-02,5.451792024230187050e-02,1.503030303030302994e-01,1.035856573705179196e-01,1.339915373765867279e-01,3.871794871794871917e-01,1.676136363636363535e-01,3.355704697986577195e-02,1.345177664974619436e-01,4.507042253521127695e-02,9.545454545454545858e-02,1.456043956043955867e-01,1.685649202733485175e-01
1.684901531728665025e-01,1.346729371526293184e-01,5.557371690094802669e-02,5.300187617260787576e-02,1.022443890274314232e-01,3.034266283023803398e-02,5.980155537677661615e-02,1.753812636165577310e-01,3.463678968951376946e-01,3.463270475654376956e-01,3.057749931898665618e-01,2.152974504249291765e-01,2.428831860889076044e-01,3.108324974924774331e-01,4.380000000000000004e-01,5.601722066479775108e-01,6.820000000000000506e-01,6.163999999999999480e-01,6.803000000000000158e-01,8.435000000000000275e-01,9.920999999999999819e-01,1.000000000000000000e+00,7.983000000000000096e-01,5.425999999999999712e-01,3.951999999999999957e-01,5.179000000000000270e-01,5.649999999999999467e-01,3.042000000000000259e-01,1.880999999999999894e-01,3.960000000000000187e-01,2.367194780987884328e-01,3.808295723189339954e-01,4.187000000000000166e-01,2.485746864310148241e-01,1.847000000000000031e-01,3.760000000000000009e-01,4.560387490786563802e-01,3.625999999999999779e-01,2.555544283250482107e-01,2.011401527374421794e-01,1.162868260144524768e-01,2.836526800873150345e-01,2.574679943100995905e-01,1.417160525637722324e-01,9.724196758601080792e-02,4.155238617663192802e-02,1.220572256428830160e-01,2.351003294399520993e-01,2.296819787985865668e-01,2.981818181818181590e-01,1.503984063745019972e-01,1.763046544428772955e-01,9.230769230769229894e-02,3.494318181818181768e-01,9.619686800894855505e-02,2.893401015228426743e-01,1.464788732394366189e-01,2.068181818181818454e-01,2.197802197802197627e-02,2.095671981776765225e-01
1.013858497447118895e-01,9.491235570756734186e-02,2.909447531873161213e-02,2.532833020637898641e-02,5.361596009975061472e-02,3.557415642165838443e-02,1.767229820327165524e-01,2.078431372549019440e-01,1.151142355008787505e-01,1.428370391218688473e-01,1.717515663307000728e-01,1.172804532577903791e-01,6.913476370775487045e-02,8.505516549648946267e-02,1.514000000000000068e-01,1.397677212655186185e-01,1.066000000000000003e-01,1.922999999999999987e-01,2.990999999999999770e-01,3.246999999999999886e-01,3.796999999999999820e-01,5.657999999999999696e-01,7.482999999999999652e-01,8.757000000000000339e-01,9.048000000000000487e-01,7.510999999999999899e-01,6.857999999999999652e-01,7.043000000000000371e-01,5.864000000000000323e-01,3.773000000000000242e-01,2.284353318836077340e-01,2.823984526112185423e-01,2.671999999999999931e-01,3.013372032756297392e-01,1.981999999999999873e-01,2.288000000000000034e-01,3.354743603243129368e-01,2.871000000000000218e-01,2.963376280815664399e-01,3.018177906851672865e-01,2.981656475819899899e-01,2.561241814212951717e-01,1.956549851286693287e-01,2.304818345787168210e-01,2.630082456639181165e-01,2.354635216675809162e-01,1.626222383194494692e-01,1.964660077867625421e-01,2.246340232205956411e-01,1.333333333333333315e-01,2.390438247011951803e-02,8.744710860366712579e-02,1.846153846153845979e-01,3.210227272727272374e-01,2.684563758389261687e-02,5.583756345177665753e-02,7.042253521126760896e-02,1.340909090909090939e-01,1.071428571428571369e-01,1.093394077448747032e-01
1.531728665207877649e-01,5.173150919196237846e-02,6.636155606407322105e-02,2.429643527204502773e-01,4.177057356608478988e-01,1.093382160606853198e-01,1.938857602574416694e-01,1.803921568627450955e-01,7.234915055653193261e-02,9.653813678581479873e-02,1.532280032688640714e-01,2.466005665722379725e-01,3.800308512130136651e-01,3.096288866599798961e-01,3.574999999999999845e-01,5.004004805766920638e-01,6.010999999999999677e-01,6.470000000000000195e-01,8.066999999999999726e-01,9.008000000000000451e-01,8.905999999999999472e-01,9.337999999999999634e-01,1.000000000000000000e+00,9.102000000000000091e-01,8.496000000000000218e-01,7.866999999999999549e-01,7.688000000000000389e-01,7.718000000000000416e-01,6.268000000000000238e-01,4.300999999999999823e-01,2.150771461116288696e-01,1.287341500107457570e-01,1.660000000000000087e-01,2.713797035347776387e-01,3.861999999999999877e-01,3.957999999999999852e-01,3.420027377066441887e-01,2.301999999999999880e-01,3.297149234046870547e-01,4.326126707540066674e-01,4.829349638688160140e-01,4.860538442881396914e-01,4.357946463209621535e-01,3.244009275959804373e-01,2.986920671026442875e-01,1.619583104772353288e-01,2.082578775805867533e-01,1.647199760407307700e-01,1.479050984351337750e-01,2.218181818181818032e-01,1.035856573705179196e-01,1.650211565585331386e-01,2.589743589743589425e-01,1.732954545454545581e-01,6.935123042505593471e-02,2.512690355329949554e-01,2.253521126760563709e-01,2.431818181818181934e-01,4.423076923076922906e-01,3.029612756264236650e-01
3.450036469730123900e-01,2.176143651132962931e-01,2.677345537757436778e-01,2.936210131332082640e-01,4.446384039900248553e-01,8.030342662830238787e-01,8.066505765620809454e-01,5.145969498910675233e-01,5.609256004686584696e-01,5.289895862651280423e-01,4.114682647779896452e-01,4.120396600566572087e-01,3.226756415649978949e-01,1.415245737211635046e-01,1.582000000000000073e-01,2.432919503404084860e-01,4.474000000000000199e-01,5.964000000000000412e-01,6.743999999999999995e-01,7.969000000000000528e-01,8.318999999999999728e-01,7.812999999999999945e-01,8.626000000000000334e-01,7.368999999999999995e-01,4.122000000000000108e-01,2.595999999999999974e-01,3.392000000000000015e-01,3.788000000000000256e-01,4.487999999999999767e-01,6.280999999999999917e-01,7.713575644610127791e-01,7.874489576617236253e-01,7.703999999999999737e-01,8.157976573027884148e-01,6.048000000000000043e-01,5.859999999999999654e-01,6.723175739707275556e-01,7.278999999999999915e-01,6.377193872374962158e-01,5.717973539851565201e-01,4.523624235686492523e-01,2.171962163473199203e-01,2.101383680331048720e-01,3.255604225715021394e-01,2.705430764856411319e-01,2.253154141524958964e-01,1.093806591814559942e-01,6.259359089547768262e-02,2.200908632004038301e-01,2.121212121212121271e-01,1.065737051792828571e-01,2.722143864598025598e-01,3.025641025641025439e-01,1.818181818181818232e-01,9.395973154362416424e-02,1.370558375634517989e-01,1.380281690140845174e-01,1.863636363636363980e-01,7.692307692307691347e-02,6.150341685649202833e-02
1.524434719183077880e-01,1.115861479264643047e-01,3.922850604772801925e-02,1.801125703564727676e-01,2.653366583541146850e-01,4.394454616793094792e-01,8.087959238401715156e-01,7.538126361655772545e-01,4.853544229642647867e-01,5.804953560371516330e-01,5.370471261236720029e-01,1.889518413597733593e-01,6.481559388585051984e-01,1.000000000000000000e+00,9.136999999999999567e-01,8.301962354825791479e-01,6.994000000000000217e-01,7.824999999999999734e-01,8.789000000000000146e-01,8.500999999999999668e-01,8.920000000000000151e-01,9.473000000000000309e-01,1.000000000000000000e+00,8.974999999999999645e-01,7.805999999999999606e-01,8.320999999999999508e-01,6.502000000000000002e-01,4.547999999999999821e-01,4.732000000000000095e-01,3.391000000000000125e-01,2.844568706637672362e-01,1.050934880722114717e-01,4.769999999999999934e-02,1.454338136208147558e-01,1.834000000000000075e-01,2.147999999999999909e-01,1.338317363377908853e-01,1.912000000000000088e-01,3.440194785431672786e-01,3.704420780897063614e-01,2.633685380767092910e-01,1.449187484841135132e-01,3.446269235742920323e-01,3.332903890749806530e-01,1.980381006539664590e-01,1.485189248491497471e-01,2.504527345164795360e-01,3.956274333632824325e-01,5.396264512872286367e-01,3.939393939393939226e-01,3.147410358565737032e-01,8.039492242595204508e-02,4.076923076923077427e-01,2.414772727272727348e-01,8.322147651006711611e-01,2.563451776649746106e-01,3.577464788732394596e-01,6.545454545454545414e-01,3.543956043956043578e-01,5.239179954441913062e-02
1.575492341356674042e-01,5.301410859341598725e-02,5.688133376920561507e-02,3.564727954971857321e-02,1.516209476309226811e-01,2.683756212398639707e-01,3.054438187181550135e-01,1.910675381263616524e-01,1.698886936145284354e-01,1.218688432310723324e-01,2.130209752111141552e-01,1.104815864022662963e-01,1.398120880661898879e-01,9.177532597793379432e-02,6.619999999999999496e-02,1.135362434921906305e-01,1.739999999999999880e-01,2.572999999999999732e-01,3.294000000000000261e-01,3.910000000000000142e-01,5.437999999999999501e-01,6.115000000000000435e-01,7.022000000000000464e-01,7.610000000000000098e-01,7.973000000000000087e-01,9.104999999999999760e-01,8.807000000000000384e-01,7.949000000000000510e-01,7.990000000000000435e-01,7.179999999999999716e-01,6.634565600082842352e-01,6.782720825274016763e-01,5.928999999999999826e-01,6.393697522545869205e-01,6.498000000000000442e-01,6.764000000000000012e-01,6.584184479309255211e-01,5.117000000000000437e-01,3.946434006289946117e-01,3.520490480800257949e-01,2.789327404113396414e-01,1.855445064273587297e-01,1.710849605586447775e-01,2.134759082710641354e-01,1.727324424225191724e-01,1.341195831047723719e-01,8.185440057950017778e-02,8.176100628930818570e-02,9.035840484603735456e-02,1.115151515151515116e-01,1.792828685258963939e-02,7.334273624823695048e-02,1.256410256410256387e-01,2.727272727272727071e-01,2.997762863534675915e-01,3.096446700507614613e-01,1.323943661971831165e-01,4.090909090909090884e-02,1.648351648351648047e-02,5.239179954441913062e-02
2.355944566010211572e-01,4.318084651560495646e-02,9.741745668519123658e-02,1.322701688555346922e-01,1.895261845386533583e-01,2.505885430290347715e-01,2.654867256637168382e-01,2.217864923747276673e-01,1.508494434680726359e-01,3.031241204615817697e-01,4.201852356306183811e-01,4.851274787535411193e-01,4.192960314121441656e-01,1.406218655967903519e-01,1.234999999999999987e-01,1.535843011613936826e-01,1.900999999999999912e-01,2.429000000000000048e-01,2.119999999999999940e-01,2.394999999999999907e-01,3.271999999999999909e-01,5.948999999999999844e-01,8.302000000000000490e-01,9.044999999999999707e-01,9.888000000000000123e-01,9.911999999999999700e-01,9.447999999999999732e-01,1.000000000000000000e+00,9.092000000000000082e-01,7.411999999999999700e-01,7.964171067619343347e-01,7.647754137115839734e-01,5.303999999999999826e-01,2.208976884005390273e-01,9.279999999999999361e-02,1.297000000000000097e-01,1.220385384858376360e-01,1.226000000000000006e-01,1.793649183321497642e-01,3.710874475637302577e-02,1.736520289049472143e-01,9.992723744845985467e-02,1.485839906892538476e-01,2.182427209482092068e-01,1.356269547910150530e-01,1.097092704333516196e-02,1.430641072075334863e-01,3.758610362383947856e-01,3.266027258960120805e-01,2.169696969696969513e-01,5.079681274900398752e-02,8.603667136812412353e-02,2.384615384615384470e-01,3.835227272727272374e-01,1.409395973154362602e-01,1.598984771573604136e-01,9.577464788732394096e-02,7.272727272727273762e-02,1.703296703296703074e-01,1.526195899772209430e-01
1.582786287381473533e-01,6.498503634031638221e-02,1.131088591042824359e-01,8.114446529080675263e-02,1.206982543640897632e-01,1.375882814543552268e-01,2.072941807455081498e-01,1.877995642701524859e-01,2.125073227885178884e-01,2.969321699971854689e-01,3.191228548079542704e-01,2.956090651558073712e-01,2.306829336698920374e-01,1.694082246740220565e-01,1.650000000000000078e-01,1.969363235883059837e-01,2.933999999999999941e-01,3.709000000000000075e-01,4.309000000000000052e-01,4.161000000000000254e-01,5.116000000000000547e-01,6.501000000000000112e-01,7.717000000000000526e-01,8.490999999999999659e-01,9.103999999999999870e-01,8.911999999999999922e-01,8.188999999999999613e-01,6.778999999999999471e-01,5.368000000000000549e-01,5.207000000000000517e-01,5.851713782748265702e-01,6.177734794756071235e-01,5.250000000000000222e-01,4.410697626205037913e-01,3.330000000000000182e-01,2.331000000000000016e-01,1.527850900284300484e-01,1.648000000000000020e-01,2.733083088160697671e-01,4.012046896848445732e-01,4.966092273485269715e-01,5.012127091923356259e-01,4.840294840294840917e-01,3.892038134501417113e-01,2.941427352857549082e-01,2.454744925946242551e-01,3.058674393335747421e-01,4.016172506738544534e-01,3.881877839475012526e-01,2.690909090909091028e-01,2.041832669322709293e-01,1.734837799717912354e-01,1.717948717948717952e-01,3.125000000000000000e-02,5.816554809843400842e-02,1.243654822335025362e-01,8.169014084507042472e-02,5.000000000000000278e-02,6.043956043956043994e-02,7.289293849658314006e-02
1.283734500364697440e-01,7.353569901667379727e-02,1.637790127492644576e-01,6.683864915572232390e-02,6.533665835411471556e-02,9.181271252942715955e-02,9.707696433360150923e-02,1.165577342047930259e-01,3.778558875219684143e-02,6.670419363917814981e-02,7.164260419504223099e-02,2.626062322946176031e-01,1.458420978824849223e-01,9.508525576730189610e-02,9.120000000000000329e-02,1.690028033640368355e-01,1.567999999999999949e-01,3.749999999999999861e-02,1.315999999999999948e-01,2.086000000000000076e-01,1.975999999999999979e-01,9.460000000000000353e-02,1.965000000000000080e-01,1.242000000000000048e-01,6.160000000000000198e-02,2.141000000000000125e-01,4.642000000000000015e-01,6.471000000000000085e-01,6.340000000000000080e-01,6.107000000000000206e-01,7.296261779020399851e-01,5.776918117343649017e-01,5.934000000000000385e-01,8.751943609412252689e-01,9.481000000000000538e-01,9.705000000000000293e-01,8.177319153416867659e-01,6.312999999999999723e-01,5.843562950187682903e-01,6.612885877164677018e-01,6.058921623123958433e-01,5.836769342711617403e-01,4.404500193973878708e-01,2.468435970110796074e-01,1.612169462610179016e-01,8.776741634668129566e-02,1.649764578051430564e-01,2.935010482180293589e-01,2.841998990408884374e-01,2.266666666666666829e-01,8.764940239043825243e-02,5.923836389280676129e-02,4.487179487179487336e-01,4.857954545454545303e-01,1.767337807606264299e-01,1.269035532994924054e-01,3.154929577464788970e-01,4.068181818181818010e-01,8.076923076923075984e-01,1.435079726651480592e-01
1.181619256017505393e-01,1.081658828559213387e-01,8.564890487087283011e-02,9.052532833020637826e-02,1.608478802992518719e-01,1.234632487575202803e-01,2.831858407079645978e-01,3.023965141612200425e-01,8.758055067369655000e-02,1.877286799887419033e-01,4.043857259602288146e-01,6.733711048158640411e-01,7.961015285373720385e-01,5.707121364092276883e-01,6.421000000000000041e-01,7.495995194233079362e-01,8.999000000000000332e-01,1.000000000000000000e+00,9.689999999999999725e-01,9.032000000000000028e-01,7.684999999999999609e-01,6.997999999999999776e-01,6.643999999999999906e-01,5.964000000000000412e-01,3.710999999999999854e-01,9.210000000000000131e-02,4.809999999999999692e-02,8.759999999999999731e-02,1.039999999999999952e-01,1.713999999999999968e-01,3.379931655793724787e-01,4.955942402750913578e-01,3.938999999999999724e-01,5.234788017000103766e-01,4.833000000000000074e-01,3.511000000000000232e-01,2.441823733810677133e-01,4.028999999999999804e-01,3.729329410571167180e-01,1.624179842960094544e-01,8.282379099499721786e-02,1.691729323308270860e-01,2.006983059614638742e-01,4.856995619685647997e-02,9.041796986067671127e-02,6.075150850246845841e-02,4.780876494023904300e-02,6.678646301287811948e-02,9.439676930843009239e-02,9.333333333333333759e-02,1.364541832669322607e-01,1.001410437235542988e-01,2.102564102564102866e-01,6.590909090909090606e-01,4.429530201342282703e-01,1.878172588832487389e-01,9.859154929577465531e-02,2.272727272727272929e-01,1.318681318681318437e-01,4.328018223234623985e-02
1.524434719183077880e-01,8.165882855921333117e-02,1.343576332134684415e-01,7.528142589118197447e-02,1.740648379052369132e-01,4.130264190426367610e-01,3.856261732367927131e-01,3.054466230936818683e-01,4.463971880492091926e-01,5.508021390374331361e-01,4.772541541814219745e-01,5.196883852691218664e-01,5.529378768756135765e-01,3.320962888665998092e-01,3.331000000000000072e-01,3.005606728073688672e-01,2.323999999999999955e-01,1.381000000000000005e-01,3.449999999999999734e-01,4.428000000000000269e-01,4.889999999999999902e-01,3.677000000000000268e-01,4.379000000000000115e-01,4.863999999999999990e-01,6.207000000000000295e-01,7.256000000000000227e-01,6.623999999999999888e-01,7.689000000000000279e-01,7.981000000000000316e-01,8.577000000000000179e-01,9.602360981671326234e-01,7.531699978508489268e-01,4.850999999999999757e-01,3.533741059396703355e-01,1.406000000000000028e-01,1.146999999999999964e-01,1.508897546593661321e-01,1.819999999999999951e-01,3.657299381150451167e-01,5.947079703130041528e-01,6.657031684269039129e-01,6.156924569488236854e-01,7.127893443682917773e-01,6.476423602164390614e-01,1.000000000000000000e+00,8.096544157981350187e-01,7.368706990220933450e-01,8.268942797244684950e-01,7.995961635537608414e-01,6.181818181818181657e-01,5.378486055776892510e-02,1.100141043723554118e-01,5.153846153846153300e-01,2.954545454545454142e-01,8.724832214765100569e-02,7.868020304568527912e-02,1.746478873239436791e-01,1.977272727272727237e-01,1.923076923076922906e-01,9.567198177676536353e-02
4.959883296863602797e-02,9.918768704574604245e-02,1.677018633540372505e-01,1.041275797373358430e-01,6.209476309226932139e-02,1.666230708867381949e-01,1.131670689192813134e-01,2.461873638344226622e-01,2.798769771528998307e-01,3.482972136222909909e-01,2.187414873331517406e-01,1.305949008498583641e-01,3.362782218482681662e-01,3.229689067201604868e-01,4.294999999999999929e-01,2.655186223468161688e-01,6.660000000000000642e-02,1.441999999999999948e-01,2.373000000000000109e-01,2.595000000000000084e-01,2.492999999999999938e-01,3.902999999999999803e-01,6.383999999999999675e-01,8.036999999999999700e-01,7.026000000000000023e-01,6.874000000000000110e-01,6.996999999999999886e-01,8.558000000000000052e-01,1.000000000000000000e+00,9.620999999999999552e-01,9.315522418970694218e-01,8.139909735654415890e-01,6.902000000000000357e-01,5.894060329636156004e-01,4.395999999999999908e-01,4.546000000000000041e-01,3.115720753922291419e-01,1.587000000000000077e-01,1.705387034594704199e-01,9.056684952135096722e-02,1.304057809894385855e-01,2.127091923356778935e-01,3.527738264580369543e-01,2.196598814738469629e-01,2.758032413989195200e-02,2.921009325287986930e-02,6.410720753350235279e-02,1.257861635220126062e-01,4.694598687531549575e-02,2.472727272727272829e-01,1.982071713147410263e-01,2.440056417489421536e-01,4.179487179487179072e-01,1.562499999999999722e-01,1.006711409395973089e-01,1.725888324873096347e-01,1.154929577464788998e-01,1.181818181818181795e-01,5.329670329670329609e-01,2.391799544419134504e-01
7.293946024799416450e-02,1.175716117999145022e-01,6.211180124223602411e-02,8.700750469043151691e-02,1.037406483790523637e-01,5.257651059377452252e-02,8.420488066505764368e-02,1.418300653594771199e-01,2.776801405975395376e-01,3.754573599774838066e-01,4.598202124761645582e-01,4.648725212464589474e-01,3.410461365867339945e-01,1.271815446339016886e-01,1.277999999999999969e-01,4.446335602723267555e-01,6.794999999999999929e-01,7.050999999999999490e-01,7.965999999999999748e-01,9.401000000000000467e-01,9.857000000000000206e-01,8.193000000000000282e-01,5.788999999999999702e-01,6.393999999999999684e-01,7.043000000000000371e-01,6.875000000000000000e-01,4.081000000000000183e-01,1.811000000000000110e-01,2.064000000000000001e-01,3.916999999999999926e-01,3.925649787718752948e-01,2.194283258113045310e-01,2.227000000000000091e-01,3.463252824712345634e-01,3.983999999999999764e-01,5.077000000000000401e-01,5.827103295777613656e-01,3.351999999999999980e-01,2.762503804402962060e-01,2.450252769710659362e-01,2.272373540856031104e-01,2.408440455978656247e-01,1.079787921893185093e-01,1.169801597526410747e-01,1.961899346033551539e-01,2.671420735052111861e-01,2.193045997826874316e-01,2.524707996406109767e-01,2.973245835436648110e-01,2.993939393939393789e-01,1.175298804780876422e-01,1.241184767277856149e-01,2.666666666666666630e-01,1.022727272727272652e-01,1.968680089485458917e-01,1.192893401015228533e-01,3.295774647887324549e-01,4.545454545454545581e-02,2.500000000000000000e-01,1.321184510250569266e-01
3.136396790663749101e-01,3.856348867037195371e-01,2.723112128146453204e-01,1.906660412757973655e-01,4.114713216957605751e-02,7.245618624117185214e-02,1.525878251541968322e-01,4.481481481481481288e-01,5.692735793790275611e-01,1.000000000000000000e+00,1.000000000000000000e+00,7.128895184135977114e-01,4.206983592763988145e-01,1.956870611835506424e-01,2.767000000000000015e-01,3.741489787745294060e-01,2.506999999999999784e-01,2.506999999999999784e-01,3.291999999999999926e-01,4.870999999999999774e-01,6.526999999999999469e-01,8.454000000000000403e-01,9.738999999999999879e-01,1.000000000000000000e+00,6.664999999999999813e-01,5.322999999999999954e-01,4.023999999999999799e-01,3.443999999999999839e-01,4.238999999999999990e-01,4.182000000000000162e-01,4.549031790411101062e-01,1.248656780571674174e-01,4.335999999999999854e-01,6.792785321861718462e-01,6.171999999999999709e-01,4.373000000000000220e-01,4.336106138780667640e-01,3.640999999999999792e-01,4.638328091711473866e-01,4.697214155103796585e-01,3.295163979988882663e-01,5.229202037351443622e-01,5.373076425708004367e-01,2.349909817057459493e-01,2.114017628660790349e-01,1.892484914975315485e-02,2.107931908728721548e-01,6.145552560646900808e-01,5.396264512872286367e-01,2.412121212121212110e-01,2.071713147410358391e-01,2.482369534555712298e-01,5.051282051282051100e-01,5.965909090909090606e-01,3.154362416107382439e-01,1.243654822335025362e-01,7.605633802816902378e-02,3.681818181818181657e-01,1.620879120879120672e-01,4.783599088838268176e-02
3.347921225382932686e-01,1.868319794784095988e-01,1.134357633213468469e-01,1.069418386491557266e-01,1.670822942643391401e-02,2.328014648182056001e-01,4.821668007508714826e-01,3.793028322440087363e-01,2.340363210310486275e-01,1.981424148606811264e-01,3.667937891582674914e-01,4.616147308781870517e-01,6.373580143037442802e-01,5.802407221664994674e-01,4.470999999999999974e-01,2.233680416499799759e-01,2.164000000000000090e-01,3.200999999999999956e-01,2.914999999999999813e-01,4.234999999999999876e-01,4.460000000000000075e-01,2.379999999999999893e-01,6.414999999999999591e-01,8.965999999999999526e-01,8.918000000000000371e-01,7.529000000000000137e-01,6.837999999999999634e-01,8.389999999999999680e-01,1.000000000000000000e+00,8.362000000000000544e-01,5.619757688723205913e-01,4.918332258757790454e-01,8.066999999999999726e-01,7.228153830206281993e-01,3.915000000000000147e-01,1.557999999999999940e-01,1.682636622091186751e-01,2.160999999999999865e-01,5.253119610429136666e-01,5.143594707970313706e-01,2.605892162312395954e-01,4.364540383216104491e-01,3.601448338290443862e-01,2.328008245297603640e-01,5.004264998578333845e-02,6.486560614371915390e-02,5.831220572256428508e-02,1.221922731356693825e-01,8.228167592125189278e-02,1.066666666666666735e-01,1.205179282868525797e-01,9.449929478138222039e-02,8.205128205128205121e-02,3.096590909090908839e-01,3.668903803131991492e-01,3.832487309644670437e-01,1.971830985915493106e-01,1.931818181818182045e-01,3.214285714285713969e-01,1.275626423690204847e-01
3.763676148796498699e-01,4.035912783240701018e-01,2.033344230140568809e-01,9.732645403377111759e-02,2.481296758104738209e-01,6.358880460371436616e-01,4.765352641458835969e-01,4.396514161220043682e-01,3.823960164030463238e-01,1.820996341120179884e-01,3.603922636883682973e-01,3.934844192634561200e-01,6.215117094376665374e-01,3.683049147442327143e-01,2.034999999999999865e-01,2.767320784941930123e-01,3.251999999999999891e-01,1.535999999999999865e-01,2.783999999999999808e-01,3.508000000000000007e-01,5.187000000000000499e-01,7.052000000000000490e-01,7.143000000000000460e-01,6.814000000000000057e-01,5.100000000000000089e-01,5.308000000000000496e-01,6.130999999999999783e-01,8.387999999999999901e-01,9.031000000000000139e-01,8.607000000000000206e-01,9.998964481723102704e-01,9.851708575112829713e-01,7.131999999999999451e-01,7.150409453716181085e-01,7.309999999999999831e-01,4.133999999999999897e-01,1.663683268400547588e-01,1.819000000000000061e-01,1.401034797605762439e-01,3.183822738517801398e-01,7.709838799332963122e-01,1.000000000000000000e+00,6.919694814431657237e-01,5.672507085802628302e-01,9.166903611032130028e-01,8.521667580910586848e-01,5.461789206809126718e-01,4.129979035639413376e-01,1.837455830388692590e-01,4.303030303030302428e-01,4.541832669322709015e-01,6.093088857545838621e-01,7.025641025641026216e-01,4.318181818181817677e-01,2.684563758389261756e-01,3.274111675126903931e-01,5.633802816901409272e-02,2.477272727272727404e-01,2.032967032967032961e-01,1.776765375854214013e-01
9.409190371991246749e-02,6.028217186831979352e-02,1.010134030728996463e-01,8.794559099437147809e-02,1.912718204488778051e-01,2.058592728223908319e-01,1.775274872620005162e-01,2.413943355119825551e-01,2.602519039250146826e-01,3.159301998311286330e-01,3.311086897303187615e-01,4.439093484419263658e-01,4.495863132800448914e-01,2.925777331995987884e-01,2.248999999999999888e-01,2.349819783740488555e-01,2.142999999999999905e-01,2.938999999999999946e-01,4.898000000000000131e-01,6.127000000000000224e-01,7.530999999999999917e-01,7.718000000000000416e-01,7.431999999999999718e-01,8.672999999999999599e-01,9.307999999999999607e-01,9.836000000000000298e-01,1.000000000000000000e+00,9.595000000000000195e-01,8.721999999999999753e-01,6.862000000000000322e-01,5.075075075075075048e-01,3.524607779926929307e-01,3.114999999999999991e-01,2.041049030786772911e-01,1.019000000000000045e-01,3.169999999999999901e-02,7.960408550068442946e-02,9.070000000000000284e-02,1.081464948767373452e-01,1.484349790254921031e-01,7.392996108949416445e-02,1.788746058695124819e-01,3.194103194103193877e-01,3.591857768616336100e-01,3.851293716235427156e-01,3.130828304991771782e-01,3.292285403839188551e-01,3.548966756513926568e-01,2.756183745583039024e-01,2.654545454545454430e-01,2.031872509960159501e-01,1.748942172073342516e-01,2.384615384615384470e-01,2.045454545454545303e-01,4.250559284116331438e-02,6.852791878172589946e-02,1.521126760563380476e-01,3.863636363636363535e-02,6.593406593406592187e-02,6.605922551252846331e-02
1.363967906637491012e-01,1.479264643009833291e-01,5.491990846681921862e-02,4.151031894934333749e-02,9.800498753117206641e-02,4.263667277007586187e-01,5.438455349959774310e-01,3.690631808278866943e-01,3.409490333919156790e-01,3.777089783281734059e-01,4.233178970307818756e-01,4.154390934844193195e-01,3.190295891179358301e-01,9.969909729187563519e-02,1.801000000000000101e-01,2.202643171806167310e-01,2.731999999999999984e-01,2.862000000000000099e-01,2.033999999999999975e-01,1.739999999999999880e-01,4.129999999999999782e-01,6.878999999999999559e-01,8.120000000000000551e-01,8.453000000000000513e-01,8.919000000000000261e-01,9.300000000000000488e-01,9.987000000000000322e-01,1.000000000000000000e+00,8.104000000000000092e-01,6.199000000000000066e-01,6.255565910738324353e-01,5.960670535138620219e-01,4.159999999999999809e-01,1.525862962579040139e-01,8.490000000000000324e-02,6.079999999999999988e-02,1.020322207012740873e-01,1.411000000000000032e-01,1.700314497311555262e-01,1.290738948047757406e-01,1.335186214563646445e-01,1.256366723259762230e-01,2.556575714470450955e-01,1.725070858026281906e-01,1.282342905885698048e-01,1.487931980252331365e-01,2.754436798261499786e-01,4.082060497154837431e-01,4.331145885916203864e-01,3.515151515151515027e-01,2.021912350597609431e-01,1.636107193229900947e-01,2.512820512820512775e-01,5.653409090909090606e-01,7.382550335570470246e-02,2.563451776649746106e-01,1.830985915492957805e-01,2.613636363636363535e-01,5.302197802197802234e-01,3.576309794988610236e-01
3.428154631655725565e-02,2.522445489525438136e-02,2.615233736515201052e-02,1.299249530956848031e-01,2.201995012468827839e-01,3.342924404917604342e-01,4.489139179404665891e-01,2.991285403050109037e-01,4.279437609841827972e-01,4.881790036588797843e-01,4.447017161536366281e-01,4.621813031161473018e-01,3.226756415649978949e-01,1.256770310932798229e-01,2.101999999999999980e-01,2.403884661593912730e-01,1.927999999999999992e-01,1.673000000000000043e-01,1.228000000000000064e-01,9.020000000000000240e-02,1.557000000000000051e-01,3.291000000000000036e-01,5.268000000000000460e-01,6.740000000000000435e-01,7.905999999999999694e-01,8.938000000000000389e-01,9.395000000000000018e-01,9.493000000000000327e-01,9.040000000000000258e-01,9.151000000000000245e-01,9.141555348451900764e-01,8.689017837954008394e-01,7.179999999999999716e-01,6.965896133513009847e-01,6.447000000000000508e-01,6.878999999999999559e-01,6.571548910182162251e-01,4.935999999999999832e-01,4.204118900273917103e-01,4.560610949768742484e-01,5.053918843802112093e-01,5.326218772738297025e-01,5.590327169274538210e-01,6.339860860602937187e-01,6.696047767984076859e-01,4.382885353812397411e-01,4.058312205722564014e-01,5.408805031446541900e-01,4.997476022211004842e-01,3.042424242424242586e-01,1.284860557768924272e-01,1.339915373765867279e-01,3.230769230769230949e-01,1.960227272727272652e-01,8.724832214765100569e-02,1.725888324873096347e-01,1.690140845070422781e-01,1.022727272727272652e-01,5.494505494505494067e-03,6.605922551252846331e-02
1.925601750547046020e-01,3.035485250106883387e-02,1.118012422360248476e-01,1.859756097560975596e-01,2.600997506234413725e-01,2.048129741041067320e-01,3.799946366318047719e-01,2.562091503267973636e-01,6.634446397188049904e-02,1.329862088376020379e-01,1.541814219558703403e-01,1.189801699716714067e-01,1.005469078670593180e-01,1.973921765295887643e-01,2.632999999999999785e-01,4.196035242290748757e-01,5.050000000000000044e-01,6.711000000000000298e-01,7.922000000000000153e-01,8.380999999999999561e-01,8.759000000000000119e-01,9.422000000000000375e-01,1.000000000000000000e+00,9.930999999999999828e-01,9.575000000000000178e-01,8.647000000000000242e-01,7.215000000000000302e-01,5.800999999999999490e-01,4.964000000000000079e-01,4.885999999999999788e-01,4.223879051465257994e-01,2.625188050719965416e-01,1.768000000000000127e-01,2.562454649113714011e-01,3.518000000000000016e-01,3.761999999999999789e-01,3.063072549226071306e-01,2.310999999999999999e-01,3.213959622603226318e-01,3.822738517801441138e-01,4.158977209560867361e-01,5.388066941547416944e-01,4.216992111728953829e-01,2.528987374388044218e-01,1.228319590560136565e-01,2.314865606143719223e-01,3.605577689243027462e-01,3.644803833483079014e-01,3.170116102978293715e-01,3.915151515151515382e-01,2.519920318725099584e-01,3.018335684062058988e-01,6.717948717948718507e-01,5.028409090909090606e-01,8.277404921700225182e-02,1.725888324873096347e-01,3.408450704225352568e-01,1.750000000000000167e-01,2.142857142857142738e-01,1.503416856492027220e-01
9.555069292487236576e-02,1.654553227875160404e-01,1.075514874141876437e-01,1.829268292682926719e-02,1.798004987531171828e-01,3.507716453047345362e-01,4.360418342719227236e-01,4.143790849673202881e-01,3.822495606326889450e-01,4.493385871094848771e-01,4.723508580768183140e-01,5.294617563739377752e-01,4.284111625297994941e-01,1.931795386158475236e-01,1.385000000000000120e-01,2.124549459351221525e-01,2.757999999999999896e-01,4.576000000000000068e-01,6.487000000000000544e-01,7.154000000000000359e-01,8.010000000000000453e-01,7.923999999999999932e-01,8.792999999999999705e-01,1.000000000000000000e+00,9.865000000000000435e-01,9.474000000000000199e-01,9.474000000000000199e-01,9.314999999999999947e-01,8.326000000000000068e-01,6.212999999999999634e-01,3.905974940457698774e-01,3.032452181388351486e-01,2.041999999999999926e-01,2.270135793510935918e-01,2.222999999999999976e-01,1.327000000000000124e-01,5.485942929346109692e-02,6.180000000000000077e-02,1.436542558587805551e-01,1.570399053458104710e-01,9.405225125069482939e-02,1.279408197914140011e-01,2.119487908961593114e-01,2.468435970110796074e-01,2.964174011941995701e-01,3.202139330773450809e-01,3.556682361463237574e-01,3.893381251871818605e-01,3.195355880868248066e-01,2.218181818181818032e-01,1.364541832669322607e-01,2.115655853314527268e-01,1.948717948717948734e-01,9.090909090909091161e-02,8.277404921700225182e-02,1.802030456852792006e-01,1.126760563380281854e-01,2.045454545454545442e-02,4.120879120879120810e-02,1.936218678815489758e-01
6.637490882567469164e-02,9.106455750320649467e-02,6.734226871526642622e-02,1.184333958724202718e-01,1.638403990024937529e-01,2.079518702589589485e-01,2.601233574684901906e-01,1.899782135076252543e-01,1.088166373755126148e-01,1.177877849704475066e-01,2.150640152546990091e-01,1.271954674220963366e-01,4.333193100546908066e-02,1.861584754262788355e-01,2.968999999999999972e-01,2.034441329595514381e-01,1.264000000000000123e-01,1.655000000000000082e-01,1.660999999999999976e-01,2.091000000000000081e-01,2.310000000000000109e-01,4.460000000000000075e-01,6.633999999999999897e-01,6.933000000000000274e-01,7.662999999999999812e-01,8.205999999999999961e-01,7.048999999999999710e-01,7.560000000000000053e-01,7.466000000000000414e-01,6.387000000000000455e-01,5.018121569845707119e-01,3.576187405974640132e-01,5.355999999999999650e-01,9.060847931999584937e-01,8.572999999999999510e-01,6.717999999999999527e-01,3.628514267663472959e-01,3.150000000000000022e-01,2.741199147813736525e-01,2.794449822523394356e-01,3.048360200111173146e-01,4.358476837254426361e-01,5.666623561360403238e-01,3.169286266426178944e-01,1.077622974125675287e-01,2.564454196379594569e-02,1.443317638536761871e-01,2.240191674153938772e-01,1.852599697122665479e-01,1.878787878787878673e-01,2.988047808764939806e-01,1.579689703808180301e-01,2.871794871794871584e-01,2.897727272727272929e-01,5.816554809843400842e-02,2.461928934010152448e-01,2.760563380281690349e-01,9.772727272727273207e-02,1.950549450549450559e-01,2.460136674259681133e-01
1.291028446389496653e-01,1.282599401453612675e-01,9.414841451454723786e-02,9.240150093808630061e-02,1.571072319201994860e-01,1.375882814543552268e-01,1.844998659157951193e-01,1.379084967320261257e-01,9.138840070298770435e-02,8.626512806079369988e-02,2.288204848815036940e-01,4.923512747875354867e-01,6.396017388865516962e-01,5.203610832497492789e-01,6.308000000000000274e-01,7.209651581898277595e-01,5.152999999999999803e-01,3.817999999999999727e-01,2.644000000000000239e-01,3.345000000000000195e-01,4.864999999999999880e-01,6.627999999999999448e-01,7.389000000000000012e-01,9.213000000000000078e-01,1.000000000000000000e+00,7.750000000000000222e-01,5.593000000000000194e-01,6.171999999999999709e-01,8.635000000000000453e-01,6.592000000000000082e-01,4.939422180801490980e-01,5.354609929078014696e-01,3.330000000000000182e-01,3.188556027780656832e-01,2.876000000000000223e-01,2.225999999999999923e-01,8.360534905759713087e-02,6.029999999999999943e-02,1.064218322004666650e-01,6.518231687641175276e-02,1.700944969427459763e-01,1.192093136065971309e-01,2.124660545713177306e-01,2.449111053852099928e-01,1.573784475405174965e-01,2.628908392759188306e-01,2.656646142701919455e-01,1.174004192872117464e-01,1.797072185764765351e-01,3.272727272727272707e-01,1.673306772908366435e-01,1.438645980253878687e-01,3.128205128205128194e-01,1.250000000000000000e-01,1.677852348993288667e-01,3.147208121827411165e-01,2.788732394366197909e-01,1.295454545454545470e-01,8.791208791208790507e-02,4.328018223234623985e-02
2.647702407002188174e-01,2.043608379649422824e-01,9.741745668519123658e-02,4.924953095684803106e-02,3.513715710723191998e-01,5.011770860580695430e-01,3.617591847680343142e-01,3.514161220043572897e-01,2.494141769185706237e-01,2.032085561497326276e-01,2.709071097793516736e-01,3.050991501416430718e-01,4.014864675361099478e-01,3.580742226680039830e-01,3.980000000000000204e-01,4.364237084501401687e-01,5.333999999999999853e-01,6.303999999999999604e-01,6.995000000000000107e-01,7.435000000000000497e-01,8.378999999999999782e-01,8.640999999999999792e-01,9.013999999999999790e-01,9.432000000000000384e-01,9.536000000000000032e-01,1.000000000000000000e+00,9.546999999999999931e-01,9.745000000000000329e-01,8.961999999999999966e-01,7.196000000000000174e-01,5.656000828414621262e-01,3.391360412637008381e-01,2.525000000000000022e-01,2.041049030786772911e-01,2.189000000000000112e-01,1.532999999999999918e-01,7.486574707802463868e-02,1.497999999999999887e-01,1.780460586385309851e-01,2.448101538130579846e-01,1.469705391884380263e-01,1.280620907106475859e-01,2.551403077718867318e-01,2.179850553980932637e-01,2.674154108615297010e-01,1.614097641250685777e-01,1.410720753350235279e-01,1.482479784366577125e-01,2.483594144371529533e-01,2.351515151515151392e-01,2.490039840637450208e-01,1.622002820874471063e-01,4.871794871794871695e-01,1.562499999999999722e-01,2.147651006711409349e-01,1.269035532994924054e-01,1.859154929577464810e-01,2.590909090909090939e-01,2.005494505494505308e-01,7.517084282460136102e-02
3.311451495258935229e-01,2.017956391620350509e-01,2.278522392938868713e-01,2.394465290806754021e-01,3.483790523690772911e-01,3.905309965995291677e-01,3.987664253150978722e-01,1.679738562091503129e-01,1.714997070884592967e-01,2.357162960878131375e-01,3.812312721329337850e-01,4.706798866855523844e-01,5.626139391389707312e-01,4.308926780341023055e-01,5.350000000000000311e-01,5.417501001201442401e-01,6.870000000000000551e-01,8.044999999999999929e-01,9.193999999999999950e-01,9.169000000000000483e-01,1.000000000000000000e+00,9.971999999999999753e-01,9.092999999999999972e-01,7.917999999999999483e-01,6.704999999999999849e-01,5.323999999999999844e-01,3.572000000000000175e-01,2.484000000000000097e-01,3.160999999999999921e-01,3.775000000000000022e-01,3.249456352904628864e-01,1.840747904577691996e-01,2.937000000000000166e-01,5.425520887322483610e-01,5.926000000000000156e-01,5.436999999999999611e-01,4.755185848162577500e-01,3.378999999999999782e-01,3.261641473064826879e-01,2.342691190706679694e-01,1.861033907726514780e-01,3.194276012612176086e-01,3.853614379930169198e-01,2.624323627930945646e-01,1.642024452658515932e-01,1.260285244103126756e-01,1.597247374139804388e-01,6.828391734052112472e-02,1.918223119636547069e-01,1.721212121212121193e-01,1.364541832669322607e-01,1.692524682651621870e-01,1.076923076923076844e-01,6.761363636363636465e-01,2.885906040268456652e-01,2.131979695431472088e-01,6.140845070422535912e-01,7.295454545454544970e-01,4.230769230769230727e-01,1.207289293849658218e-01
1.699489423778264008e-01,1.684480547242411252e-01,1.359921542987904408e-01,1.282833020637898780e-01,2.476309226932668084e-01,3.962856395500915507e-01,4.489139179404665891e-01,3.296296296296296058e-01,2.523432923257176719e-01,2.924289332958063814e-01,1.687551076001089778e-01,3.342776203966005971e-02,2.483522647595007848e-01,3.124373119358074269e-01,4.989999999999999991e-01,6.715058069683619291e-01,7.654999999999999583e-01,8.485000000000000320e-01,9.805000000000000382e-01,1.000000000000000000e+00,1.000000000000000000e+00,9.991999999999999771e-01,9.066999999999999504e-01,6.803000000000000158e-01,5.102999999999999758e-01,4.716000000000000192e-01,4.979999999999999982e-01,6.196000000000000396e-01,7.170999999999999597e-01,6.316000000000000503e-01,3.680231956094024981e-01,3.113045347087900483e-01,4.315999999999999837e-01,3.929719083652948863e-01,2.421000000000000096e-01,9.439999999999999780e-02,3.695903969674634026e-02,8.440000000000000280e-02,4.423252510905954782e-02,1.215445842744971583e-01,2.273485269594218983e-01,2.349017705554208302e-01,1.078494762705289045e-01,1.935068281370780630e-01,2.381290872903042422e-01,1.450905101481075321e-01,2.011952191235059639e-01,2.542677448337826163e-01,3.008581524482584757e-01,2.436363636363636231e-01,7.071713147410359224e-02,1.466854724964739010e-01,1.589743589743589647e-01,7.386363636363635354e-02,5.592841163310962455e-02,1.548223350253807307e-01,1.070422535211267706e-01,2.295454545454545525e-01,2.142857142857142738e-01,1.366742596810933789e-02
6.126914660831509624e-02,6.541256947413424949e-02,9.512912716574044303e-02,1.013133208255159456e-01,2.371571072319201834e-01,1.967041590374052074e-01,1.110217216411906599e-01,5.642701525054465844e-02,1.013473930872876433e-01,2.466929355474247187e-01,2.683192590574775549e-01,1.652974504249291876e-01,2.360117795540597474e-01,8.164493480441324669e-02,2.179000000000000103e-01,5.127152583099719996e-01,7.230999999999999650e-01,7.775999999999999579e-01,6.221999999999999753e-01,3.501000000000000223e-01,3.733000000000000207e-01,2.621999999999999886e-01,3.775999999999999912e-01,7.360999999999999766e-01,8.672999999999999599e-01,8.223000000000000309e-01,7.772000000000000020e-01,7.862000000000000099e-01,5.652000000000000357e-01,3.634999999999999898e-01,3.659521590556072956e-01,4.153234472383408593e-01,3.370000000000000218e-01,1.754949725303203145e-01,2.626999999999999891e-01,3.195000000000000062e-01,1.461514162367063274e-01,1.048000000000000043e-01,1.705387034594704199e-01,2.054426158976013772e-01,1.305169538632573734e-01,1.131457676449187377e-01,1.106944264839001685e-01,1.225199690801339891e-01,1.401762866079044600e-01,1.311025781678551994e-01,7.714596160811300340e-02,1.218927822701407759e-01,5.350832912670368258e-02,2.169696969696969513e-01,5.577689243027888349e-02,3.328631875881523094e-01,2.923076923076923239e-01,3.863636363636362980e-01,2.617449664429530309e-01,1.522842639593908753e-01,1.633802816901408494e-01,7.045454545454545026e-02,1.978021978021977934e-01,1.025056947608200403e-01
2.574762946754193815e-01,3.048311244121419405e-01,1.065707747629944246e-01,6.378986866791744315e-02,9.226932668329175524e-02,2.071671462202459013e-01,2.904263877715204667e-01,1.496732026143790806e-01,4.364381956649092398e-02,1.238390092879256832e-01,1.468264777989648773e-01,1.386685552407932176e-01,3.155237694572991525e-01,2.827482447342025695e-01,2.099000000000000032e-01,1.241489787745294338e-01,1.698999999999999955e-01,9.389999999999999736e-02,1.091000000000000025e-01,1.409999999999999865e-01,1.267999999999999960e-01,3.150999999999999912e-01,1.429999999999999882e-01,2.263999999999999901e-01,5.756000000000000005e-01,7.875999999999999668e-01,7.157999999999999918e-01,5.997999999999999998e-01,5.583000000000000185e-01,6.294999999999999485e-01,7.931034482758620996e-01,9.606705351386203295e-01,8.436000000000000165e-01,7.056079610241525746e-01,8.379999999999999671e-01,1.000000000000000000e+00,1.000000000000000000e+00,7.865999999999999659e-01,5.728923607588515265e-01,3.743142949338496006e-01,2.873818788215675712e-01,2.794081979141401773e-01,3.812233285917496772e-01,4.332646225199690559e-01,4.289166903611032478e-01,3.007405375754251264e-01,2.383194494748279435e-01,3.228511530398323059e-01,2.821807168096920893e-01,4.242424242424241987e-02,9.760956175298804438e-02,2.299012693935119644e-01,6.205128205128205288e-01,1.221590909090908977e-01,4.519015659955257225e-01,2.741116751269035978e-01,1.042253521126760701e-01,2.181818181818181712e-01,2.554945054945054750e-01,1.207289293849658218e-01
7.447118891320203549e-01,3.548525010688328707e-01,1.886237332461588867e-01,1.470450281425891292e-01,1.583541147132169480e-01,3.473711744703112947e-01,2.649503888441941402e-01,3.893246187363834099e-01,1.756004686584651531e-01,1.926540951308753080e-01,3.417324979569599797e-01,3.726628895184136425e-01,3.920908708456037339e-01,2.985957873620863068e-01,3.822999999999999732e-01,3.132759311173408112e-01,3.956000000000000072e-01,2.093000000000000138e-01,3.217999999999999750e-01,3.345000000000000195e-01,3.184000000000000163e-01,2.887000000000000122e-01,3.609999999999999876e-01,2.565999999999999948e-01,4.106000000000000205e-01,4.591000000000000081e-01,4.722000000000000086e-01,7.278000000000000025e-01,7.590999999999999970e-01,6.579000000000000403e-01,7.780884332608469789e-01,7.163120567375886871e-01,4.903000000000000136e-01,6.180159635119726325e-01,6.552000000000000046e-01,4.013999999999999790e-01,1.250921343582183931e-01,3.245000000000000107e-01,3.152074667748807624e-01,1.456383779713886217e-01,5.679822123401890854e-01,9.687121028377394527e-01,9.720677615414458073e-01,7.096109250193248785e-01,8.328120557293147153e-01,1.000000000000000000e+00,1.000000000000000000e+00,1.000000000000000000e+00,8.117112569409389300e-01,5.757575757575756903e-01,1.000000000000000000e+00,1.000000000000000000e+00,8.128205128205128194e-01,8.778409090909090606e-01,5.637583892617450410e-01,2.208121827411167470e-01,4.985915492957747053e-01,4.863636363636363869e-01,6.236263736263736313e-01,2.414578587699316436e-01
1.932895696571845234e-01,1.881145788798631868e-01,4.478587773782281845e-02,1.969981238273921242e-02,7.605985037406483296e-02,1.145697096521056807e-01,9.144542772861356805e-02,1.699346405228757961e-01,1.236086701816051653e-01,1.096256684491978550e-01,4.453827295014982368e-02,2.917847025495750590e-01,2.675641564997896515e-01,1.068204613841524514e-01,1.456999999999999962e-01,2.234681617941529919e-01,2.069999999999999896e-01,1.105000000000000010e-01,1.078000000000000069e-01,1.165000000000000063e-01,2.223999999999999866e-01,6.890000000000000291e-02,2.059999999999999887e-01,2.384000000000000008e-01,9.039999999999999425e-02,2.278000000000000025e-01,5.872000000000000552e-01,8.457000000000000073e-01,8.467000000000000082e-01,7.679000000000000270e-01,8.341099720410065643e-01,6.726842897055662629e-01,6.544999999999999707e-01,9.067067482118793542e-01,9.885000000000000453e-01,9.347999999999999643e-01,7.328630093713803806e-01,5.733000000000000318e-01,5.957187785330222418e-01,7.166828009035173253e-01,6.282379099499723063e-01,6.363085132185302140e-01,4.763998448208974779e-01,2.572790517907755370e-01,2.149559283480238780e-01,6.966538672517827435e-02,1.685983339369793443e-01,2.941000299490865721e-01,2.645128722867238769e-01,2.278787878787878751e-01,9.960159362549800277e-02,5.359661495063468978e-02,4.794871794871795045e-01,4.431818181818181213e-01,1.521252796420581588e-01,2.461928934010152448e-01,2.056338028169014398e-01,1.840909090909090828e-01,2.362637362637362570e-01,2.164009111617311854e-01
1.816192560175054482e-01,5.087644292432663695e-02,9.055246812683882818e-02,1.782363977485928730e-01,3.037406483790523470e-01,4.023018571802249865e-01,3.196567444355055132e-01,2.677559912854030055e-01,3.103397773872290655e-01,3.561778778497044495e-01,3.888586216289839359e-01,4.194050991501416248e-01,4.685177394474828727e-01,4.299899699097292083e-01,5.204999999999999627e-01,6.094313175810973648e-01,7.236000000000000210e-01,7.577000000000000401e-01,7.725999999999999535e-01,8.097999999999999643e-01,8.994999999999999662e-01,9.246999999999999664e-01,9.364999999999999991e-01,9.852999999999999536e-01,9.776000000000000245e-01,1.000000000000000000e+00,9.896000000000000352e-01,9.075999999999999623e-01,7.306000000000000272e-01,5.757999999999999785e-01,4.627731179455317756e-01,3.996346443154953909e-01,2.079000000000000015e-01,9.899450606406136333e-02,4.880000000000000310e-02,1.406000000000000028e-01,2.689270295882910666e-01,2.053999999999999992e-01,1.637415035000507058e-01,2.400774443368828837e-01,1.971095052807115278e-01,2.780742178025709666e-01,3.260054312685891631e-01,1.886111826848750339e-01,9.567813477395506472e-02,1.323368074602304101e-01,2.701919594349873055e-01,3.378256963162623583e-01,2.337203432609793186e-01,2.339393939393939470e-01,1.394422310756971983e-01,3.808180535966149138e-02,1.743589743589743501e-01,4.261363636363635909e-01,2.684563758389261687e-02,3.375634517766497589e-01,1.352112676056337892e-01,5.545454545454545636e-01,2.115384615384615363e-01,1.685649202733485175e-01
4.587892049598832900e-01,4.553227875160325011e-01,4.988558352402746587e-01,2.882270168855534664e-01,3.583541147132169313e-01,3.112738686895108464e-01,2.370608742290158388e-01,1.976034858387799575e-01,3.085823081429408532e-01,5.061919504643963563e-01,7.444837918823209444e-01,7.372521246458922928e-01,7.189734960033656863e-01,5.411233701103309590e-01,6.558000000000000496e-01,8.715458550260313242e-01,9.786000000000000254e-01,9.334999999999999964e-01,7.916999999999999593e-01,7.382999999999999563e-01,6.907999999999999696e-01,3.850000000000000089e-01,6.710000000000000686e-02,5.020000000000000157e-02,2.716999999999999971e-01,2.838999999999999857e-01,2.233999999999999875e-01,1.910999999999999921e-01,4.080000000000000293e-02,2.530999999999999917e-01,2.049290669980325108e-01,2.032022351171287322e-01,2.432999999999999885e-01,2.027573338861822227e-01,2.666999999999999926e-01,1.340000000000000080e-01,1.129830472780878198e-01,2.023000000000000076e-01,1.820026377193872391e-01,2.441647843390341160e-02,1.459699833240689359e-01,2.152558816395828134e-01,2.003103582050950737e-01,2.094820922442669209e-01,1.006539664486778562e-01,1.769061985737795106e-02,1.439695762404925583e-01,2.282120395327942863e-01,5.906108026249369536e-02,7.393939393939394367e-02,2.559760956175298752e-01,1.255289139633286311e-01,6.717948717948718507e-01,3.068181818181818232e-01,3.087248322147650992e-01,4.746192893401016133e-01,6.478873239436619969e-01,1.295454545454545470e-01,3.104395604395603914e-01,2.984054669703872231e-01
7.935813274981764476e-01,5.463873450192390235e-01,3.027133050016345139e-01,2.893996247654784248e-01,3.182044887780548503e-01,4.527857703374313925e-01,5.223920622150710624e-01,9.285403050108932410e-01,1.000000000000000000e+00,8.107233323951589243e-01,6.446472350858076794e-01,3.345609065155807360e-01,1.434581405132520082e-01,2.912738214643931789e-01,4.712999999999999967e-01,4.664597517020424022e-01,1.414999999999999869e-01,8.490000000000000324e-02,3.256999999999999895e-01,9.006999999999999451e-01,9.312000000000000277e-01,4.855999999999999761e-01,1.345999999999999974e-01,1.603999999999999870e-01,2.736999999999999988e-01,5.608999999999999542e-01,3.654000000000000026e-01,6.139000000000000012e-01,5.470000000000000417e-01,8.474000000000000421e-01,5.838252045148596414e-01,5.848914678701913061e-01,5.086000000000000520e-01,6.481807815901315939e-01,8.497000000000000108e-01,8.406000000000000139e-01,8.865957670843424010e-01,9.135999999999999677e-01,7.824896012985694815e-01,5.251156286974293375e-01,4.140077821011673431e-01,5.419597380548144550e-01,5.930428035691194255e-01,5.785879927853645466e-01,7.984077338640886978e-01,5.903730115194734118e-01,1.711336472292647459e-01,2.377957472297095032e-01,1.383139828369510382e-01,1.866666666666666752e-01,1.394422310756971983e-01,6.417489421720732334e-01,5.461538461538461009e-01,2.329545454545454697e-01,2.774049217002237389e-01,4.238578680203045623e-01,2.901408450704225372e-01,4.659090909090909394e-01,4.890109890109889945e-01,4.259681093394077633e-01
2.180889861415025444e-01,2.941427960666951891e-01,3.242889833278849165e-01,2.394465290806754021e-01,1.995012468827929986e-01,1.645304734501700228e-01,3.486189326897291135e-02,1.771241830065359291e-01,2.579086115992970107e-01,1.404446946242611793e-01,7.123399618632525465e-02,1.280453257790368227e-01,3.723180479596129855e-01,3.108324974924774331e-01,3.519999999999999796e-01,3.896676011213455748e-01,3.961999999999999966e-01,2.449000000000000066e-01,2.354999999999999871e-01,3.044999999999999929e-01,3.111999999999999766e-01,4.697999999999999954e-01,5.534000000000000030e-01,4.531999999999999917e-01,4.464000000000000190e-01,4.670000000000000262e-01,4.621000000000000107e-01,6.987999999999999767e-01,7.625999999999999446e-01,7.025000000000000133e-01,7.644195920057988980e-01,8.001289490651193326e-01,7.926999999999999602e-01,5.418264745516740977e-01,3.966999999999999971e-01,3.042000000000000259e-01,1.378329998947035728e-01,2.407999999999999863e-01,1.805823272801055090e-01,1.718834032483596841e-01,6.289049471928849222e-01,7.813485326218772009e-01,5.484288115867063107e-01,5.883792836897706602e-01,8.188797270400909323e-01,7.258639605046626198e-01,5.952553422672943739e-01,3.842467804731956038e-01,3.523472993437657963e-01,4.048484848484848464e-01,3.406374501992031623e-01,6.473906911142454090e-01,7.102564102564101756e-01,4.886363636363635909e-01,1.946308724832214732e-01,1.167512690355329980e-01,5.718309859154929731e-01,2.954545454545454697e-01,3.159340659340659219e-01,3.416856492027334907e-02
8.971553610503282816e-02,1.321077383497221147e-01,5.524681268388361571e-02,7.340525328330206600e-02,8.927680798004986040e-02,2.668061731624379179e-02,4.880665057656208283e-02,1.261437908496731986e-01,1.643233743409490411e-01,1.175063326766113136e-01,7.463906292563335376e-02,1.199716713881019831e-01,2.841116252979947188e-01,2.564694082246740114e-01,1.869999999999999996e-01,2.034441329595514381e-01,1.463000000000000134e-01,2.848999999999999866e-01,5.824000000000000288e-01,7.728000000000000425e-01,7.852000000000000091e-01,8.515000000000000346e-01,5.312000000000000055e-01,3.653000000000000136e-01,5.973000000000000531e-01,8.275000000000000133e-01,1.000000000000000000e+00,8.672999999999999599e-01,6.300999999999999934e-01,4.591000000000000081e-01,4.079942010976493894e-01,2.768106597893831844e-01,2.817000000000000060e-01,2.737638644138074007e-01,2.757000000000000006e-01,2.697999999999999843e-01,4.205538591134042048e-01,4.576000000000000068e-01,3.997159379121436595e-01,2.712703022480369985e-01,1.981100611450806182e-01,1.642008246422507756e-01,6.672701409543514706e-02,4.341664519453749399e-02,1.270969576343474461e-01,1.180746023038946740e-01,1.579137993480622948e-01,1.332734351602276046e-01,6.764260474507824417e-02,2.630303030303030032e-01,1.872509960159362552e-01,1.875881523272214246e-01,6.794871794871795156e-01,6.363636363636363535e-01,1.655480984340045036e-01,2.994923857868020400e-01,7.323943661971830943e-02,2.090909090909091050e-01,2.472527472527472417e-02,1.002277904328018193e-01
5.557986870897155818e-01,2.847370671227020256e-01,1.572409284079764602e-01,9.240150093808630061e-02,1.471321695760598458e-01,1.697619670415903836e-01,3.242156074014480582e-01,5.374727668845316053e-01,5.219683655536028200e-01,6.274978891077962473e-01,5.655134840642876970e-01,5.597733711048158423e-01,5.968307390267845181e-01,4.147442326980942395e-01,4.527999999999999803e-01,5.332398878654385221e-01,7.306000000000000272e-01,6.192999999999999616e-01,2.031999999999999917e-01,4.636000000000000121e-01,4.148000000000000020e-01,4.292000000000000259e-01,5.729999999999999538e-01,5.399000000000000465e-01,3.160999999999999921e-01,2.285000000000000087e-01,6.995000000000000107e-01,1.000000000000000000e+00,7.261999999999999567e-01,4.723999999999999866e-01,5.284249767008387666e-01,5.866107887384484076e-01,2.881000000000000227e-01,1.016896444490515278e-01,1.950999999999999956e-01,4.181000000000000272e-01,4.847846688427924211e-01,3.216999999999999860e-01,2.869027087349091953e-01,2.613746369796708380e-01,2.200111172873818743e-01,2.963861266068396616e-01,2.388465020043967491e-01,1.083483638237567603e-01,9.837930054023315274e-02,7.240811848601207135e-02,6.465048895327779599e-02,2.545672356993112020e-02,1.161029782937910149e-01,5.575757575757575579e-02,1.553784860557768932e-01,4.372355430183356290e-02,1.384615384615384692e-01,2.982954545454545303e-01,2.460850111856823230e-01,3.807106598984771884e-02,2.028169014084507116e-01,1.090909090909090856e-01,2.939560439560439109e-01,2.141230068337129921e-01
1.312910284463894850e-01,1.898247114151346837e-01,1.556064073226544608e-01,1.636960600375234609e-01,4.027431421446384108e-01,2.320167407794925529e-01,1.598283722177527566e-01,2.333333333333333370e-01,4.649970708845929113e-01,4.106388967070081497e-01,4.457913375102152131e-01,4.298866855524079433e-01,4.253260412284392555e-01,2.594784353059177429e-01,1.681999999999999884e-01,1.309571485782939360e-01,2.802999999999999936e-01,4.519000000000000239e-01,6.641000000000000236e-01,7.682999999999999829e-01,6.959999999999999520e-01,4.393000000000000238e-01,2.431999999999999995e-01,2.886000000000000232e-01,4.974000000000000088e-01,8.172000000000000375e-01,1.000000000000000000e+00,9.237999999999999545e-01,8.518999999999999906e-01,7.721999999999999975e-01,5.977011494252874035e-01,5.577047066408769016e-01,6.824000000000000066e-01,6.447600290245671939e-01,5.053999999999999604e-01,3.578000000000000069e-01,4.010740233758028905e-01,3.812999999999999723e-01,3.407730546819519035e-01,2.980531354200279814e-01,4.055586436909394132e-01,4.649527043414989347e-01,4.465278675804991715e-01,2.700334965215150929e-01,1.465737844754051722e-01,1.094349972572682406e-01,1.269467584208620048e-01,1.575321952680443505e-01,1.216557294295810138e-01,1.418181818181818155e-01,1.215139442231075728e-01,1.720733427362482471e-01,2.923076923076923239e-01,2.784090909090908839e-01,6.040268456375839923e-02,6.345177664974620269e-02,7.323943661971830943e-02,1.136363636363636465e-01,2.005494505494505308e-01,5.011389521640090966e-02
1.998541210795040102e-01,1.034630183839247569e-01,2.030075187969924977e-01,1.313320825515947587e-01,2.815461346633416073e-01,2.545121632226000630e-01,4.888710109949047644e-01,3.801742919389977660e-01,2.108963093145869994e-01,2.544328736279200531e-01,3.222555162081177094e-01,1.283286118980170032e-01,2.452671434581405185e-01,4.024072216649949851e-01,5.187000000000000499e-01,7.320784941930316148e-01,9.062000000000000055e-01,9.260000000000000453e-01,7.433999999999999497e-01,4.462999999999999745e-01,5.102999999999999758e-01,6.952000000000000401e-01,7.754999999999999671e-01,8.364000000000000323e-01,7.282999999999999474e-01,6.399000000000000243e-01,5.758999999999999675e-01,4.146000000000000241e-01,3.494999999999999774e-01,4.436999999999999833e-01,2.759656207932070227e-01,2.174940898345153750e-01,1.942000000000000115e-01,7.929926401990256002e-02,3.724999999999999978e-01,5.843000000000000416e-01,5.082657681373065062e-01,2.346999999999999920e-01,1.013492949173176449e-01,3.489297622889104278e-01,4.435797665369650145e-01,3.607809847198641395e-01,2.177680072416914581e-01,2.268745168770935350e-01,2.392664202445265731e-01,9.997257268239168049e-02,2.155016298442593015e-01,3.884396525905960407e-01,3.775870772337203696e-01,8.121212121212120771e-02,2.539840637450199168e-01,1.593794076163610463e-01,2.769230769230769384e-01,2.414772727272727348e-01,1.051454138702460905e-01,1.878172588832487389e-01,2.929577464788732377e-01,3.659090909090909061e-01,6.043956043956043578e-01,3.940774487471526144e-01
3.646973012399708225e-02,7.268063274903804535e-03,8.826413860738803463e-02,1.055347091932457709e-01,2.389027431421446024e-01,2.171069840439445731e-01,2.357200321802091769e-01,2.657952069716775223e-01,2.895430579964850537e-01,3.211370672670982307e-01,3.433669299918278295e-01,4.934844192634560978e-01,4.640302902818679853e-01,2.621865596790371455e-01,1.781999999999999973e-01,2.057468962755306108e-01,2.298000000000000043e-01,3.544999999999999818e-01,6.218000000000000194e-01,7.265000000000000346e-01,8.346000000000000085e-01,8.267999999999999794e-01,8.366000000000000103e-01,9.407999999999999696e-01,9.509999999999999565e-01,9.800999999999999712e-01,9.973999999999999533e-01,1.000000000000000000e+00,9.035999999999999588e-01,6.409000000000000252e-01,3.993993993993993907e-01,3.124865678057167639e-01,2.039999999999999869e-01,1.713486057841816235e-01,1.769000000000000017e-01,1.140000000000000041e-01,7.791934295040538194e-02,9.410000000000000309e-02,6.300091305671097486e-02,4.582123265569538334e-02,6.359088382434686937e-02,1.295173417414504091e-01,2.468640889693521079e-01,2.871682556042257084e-01,3.131930622689792498e-01,3.106143719144268123e-01,3.198116624411445064e-01,3.285414794848757758e-01,2.816759212518930022e-01,1.721212121212121193e-01,2.798804780876493759e-01,2.327221438645980245e-01,1.435897435897435792e-01,2.840909090909090814e-02,6.040268456375839923e-02,1.573604060913705582e-01,6.760563380281689461e-02,1.431818181818181879e-01,4.670329670329669697e-02,6.378132118451024235e-02
